hut_id:ID(Hut),osm_id:long,latitude:float,longitude:float,name,country_code,tourism,amenity,shelter_type,operator,tags_json
123152830,123152830,69.9394383,22.9229526,Nordlysobservatoriet Halde,NO,wilderness_hut,,,,"{""alt_name"": ""Observatoriet på Haldde"", ""building"": ""yes"", ""capacity"": ""6"", ""dnt:classification"": ""ubetjent"", ""dnt:iid"": ""2034"", ""ele"": ""904"", ""name"": ""Nordlysobservatoriet Halde"", ""network"": ""Den Norske Turistforening"", ""ref:kartverket:hytte"": ""1566"", ""tourism"": ""wilderness_hut"", ""website"": ""http://www.alta.museum.no/sider/tekst.asp?side=64&meny=BES%D8K%20OSS"", ""wikidata"": ""Q13441956"", ""wikipedia"": ""da:Nordlysobservatoriet""}"
198055834,198055834,67.091261,20.5678945,Åke på toppen,SE,alpine_hut,,,,"{""building"": ""hut"", ""check_date"": ""2024-07-17"", ""name"": ""Åke på toppen"", ""tourism"": ""alpine_hut""}"
230049742,230049742,70.8133541,23.3660115,Gamvikvannhytta,NO,wilderness_hut,,,Hammerfest kommune,"{""alt_name"": ""Gamvikhytta"", ""building"": ""hut"", ""drinking_water"": ""no"", ""fee"": ""no"", ""fireplace"": ""yes"", ""name"": ""Gamvikvannhytta"", ""operator"": ""Hammerfest kommune"", ""ref:kartverket:hytte"": ""5016"", ""reservation"": ""no"", ""shower"": ""no"", ""toilets"": ""no"", ""tourism"": ""wilderness_hut""}"
230876197,230876197,66.779662,14.286002,Kvitsteindalsgammen,NO,wilderness_hut,shelter,basic_hut,Bodø og Omegns Turistforening,"{""access"": ""yes"", ""amenity"": ""shelter"", ""building"": ""hut"", ""capacity"": ""6"", ""dnt:classification"": ""nødbu"", ""dnt:iid"": ""462"", ""dnt:lock"": ""no"", ""ele"": ""600"", ""emergency"": ""yes"", ""name"": ""Kvitsteindalsgammen"", ""network"": ""Den Norske Turistforening"", ""operator"": ""Bodø og Omegns Turistforening"", ""ref:bygningsnr"": ""300353865"", ""shelter_type"": ""basic_hut"", ""ssr:stedsnr"": ""769182"", ""tourism"": ""wilderness_hut"", ""website"": ""https://ut.no/hytte/kvitsteindalsgammen""}"
235207459,235207459,68.2041753,18.1854958,Unna Allakas Fjällstuga,SE,alpine_hut,,,Svenska Turistföreningen,"{""beds"": ""18"", ""building"": ""cabin"", ""email"": ""fjallbokningen@stfturist.se"", ""fee"": ""yes"", ""fixme"": ""opening hours"", ""image"": ""https://stfturist-lajka.imgix.net/v1/image/citybreak/1413249?w=505&h=300&fit=full"", ""name"": ""Unna Allakas Fjällstuga"", ""operator"": ""Svenska Turistföreningen"", ""snowmobile"": ""yes"", ""tourism"": ""alpine_hut"", ""website"": ""https://www.svenskaturistforeningen.se/boende/stf-unna-allakas-fjallstuga/"", ""wikidata"": ""Q1953249""}"
265777706,265777706,67.1173422,14.7458448,Lurfjellhytta,NO,wilderness_hut,,,Bodø og Omegns Turistforening,"{""capacity"": ""23"", ""dnt:classification"": ""ubetjent"", ""dnt:iid"": ""370"", ""dnt:lock"": ""yes"", ""ele"": ""315"", ""name"": ""Lurfjellhytta"", ""network"": ""Den Norske Turistforening"", ""operator"": ""Bodø og Omegns Turistforening"", ""ref:kartverket:hytte"": ""1044"", ""tourism"": ""wilderness_hut"", ""website"": ""https://ut.no/hytte/lurfjellhytta""}"
289250952,289250952,67.8511047,18.3165587,Singi Fjällstuga,SE,alpine_hut,,,Svenska Turistföreningen,"{""capacity"": ""44"", ""ele"": ""715"", ""image"": ""https://commons.wikimedia.org/wiki/File:Singistugan_002.jpg"", ""internet_access"": ""no"", ""name"": ""Singi Fjällstuga"", ""operator"": ""Svenska Turistföreningen"", ""payment:cash"": ""yes"", ""payment:credit_cards"": ""yes"", ""reservation"": ""yes"", ""smoking"": ""outside"", ""snowmobile"": ""yes"", ""tourism"": ""alpine_hut"", ""website"": ""https://www.svenskaturistforeningen.se/boende/stf-singi-fjallstuga/"", ""wikimedia_commons"": ""Category:Singistugan""}"
289257081,289257081,68.1364854,18.4154716,Alesjaure Fjällstuga,SE,alpine_hut,,,Svenska Turistföreningen,"{""capacity"": ""78"", ""description"": ""sauna, accept creditcard,cabin host, safety room when not opened, emergency phone"", ""ele"": ""790"", ""image"": ""https://commons.wikimedia.org/wiki/File:Alesjaurestugan_001.jpg"", ""internet_access"": ""no"", ""name"": ""Alesjaure Fjällstuga"", ""opening_hours"": ""Feb 14-May 3,Jun 15-Sep 20"", ""operator"": ""Svenska Turistföreningen"", ""payment:cash"": ""yes"", ""payment:credit_cards"": ""yes"", ""reservation"": ""yes"", ""service"": ""self"", ""smoking"": ""outside"", ""stf:discount"": ""yes"", ""tourism"": ""alpine_hut"", ""website"": ""https://www.svenskaturistforeningen.se/boende/stf-alesjaure-fjallstuga/"", ""wikidata"": ""Q2185624"", ""wikimedia_commons"": ""Category:Alesjaurestugorna""}"
289406212,289406212,68.2860102,18.5912708,Abiskojaure Fjällstuga,SE,alpine_hut,,,Svenska Turistföreningen,"{""alt_name"": ""Abiskojaurestugan"", ""capacity"": ""53"", ""description"": ""accept creditcard,cabin host, safety room when not opened, emergency phone"", ""ele"": ""490"", ""image"": ""https://commons.wikimedia.org/wiki/File:Abiskojaurestugan_002.jpg"", ""internet_access"": ""no"", ""name"": ""Abiskojaure Fjällstuga"", ""name:en"": ""Abiskojaure Mountain cabin"", ""opening_hours"": ""Feb 14-May 3,Jun 15-Sep 20"", ""operator"": ""Svenska Turistföreningen"", ""payment:cash"": ""yes"", ""payment:credit_cards"": ""yes"", ""smoking"": ""outside"", ""stf:classification"": ""självhushåll"", ""stf:discount"": ""yes"", ""tourism"": ""alpine_hut"", ""website"": ""https://www.svenskaturistforeningen.se/boende/stf-abiskojaure-fjallstuga/"", ""wikimedia_commons"": ""Category:Abiskojaurestugan""}"
291141562,291141562,66.9602926,17.4113693,Njunjes Fjällstuga,SE,alpine_hut,shelter,,,"{""affiliation"": ""Den Norske Turistforening"", ""amenity"": ""shelter"", ""building"": ""cabin"", ""capacity"": ""20"", ""dnt:classification"": ""ubetjent"", ""dnt:discount"": ""yes"", ""dnt:iid"": ""1558"", ""email"": ""bokningen@stfturist.se"", ""image"": ""https://stfturist-lajka.imgix.net/v1/image/citybreak/1411274?w=505&h=300&fit=full"", ""name"": ""Njunjes Fjällstuga"", ""service"": ""no"", ""snowmobile"": ""yes"", ""tourism"": ""alpine_hut"", ""website"": ""https://www.svenskaturistforeningen.se/boende/stf-njunjes-fjallstuga/""}"
292599738,292599738,67.6882365,17.2508617,Fjällstuga Vaisaluokta,SE,alpine_hut,,,Svenska Turistförening,"{""building"": ""cabin"", ""capacity"": ""20"", ""email"": ""bokningen@stfturist.se"", ""image"": ""https://stfturist-lajka.imgix.net/v1/image/citybreak/1411810?w=505&h=300&fit=full"", ""name"": ""Fjällstuga Vaisaluokta"", ""operator"": ""Svenska Turistförening"", ""tourism"": ""alpine_hut"", ""website"": ""https://www.svenskaturistforeningen.se/boende/stf-vaisaluokta-fjallstuga/""}"
328384817,328384817,66.8723163,20.235104,Muddusluobbal,SE,alpine_hut,,,Laponiatjuottjudus,"{""beds"": ""6"", ""building"": ""hut"", ""charge:adult"": ""150 SEK/night"", ""charge:child"": ""60 SEK/night"", ""charge:child:max_age"": ""15"", ""charge:daytime"": ""60 SEK/day"", ""description"": ""Stugorna är öppna året om och har självhushåll med enkel men bekväm standard. Du hugger själv ved, eldar, hämtar vatten, lagar mat, diskar och städar. Det finns ved och gasolspisar i alla stugor, samt inbetalningskort med information om hur du ska betala."", ""fee"": ""yes"", ""fireplace"": ""yes"", ""internet_access"": ""no"", ""name"": ""Muddusluobbal"", ""operator"": ""Laponiatjuottjudus"", ""payment:bankgiro"": ""yes"", ""payment:details"": ""https://laponia.nu/wp-content/uploads/2019/11/Betalning_Muttos_2019_SVE.pdf"", ""payment:swish"": ""yes"", ""smoking"": ""no"", ""tourism"": ""alpine_hut"", ""website"": ""https://laponia.nu/upplev/leder/muttosbalges/"", ""website2"": ""http://www.naturvardsverket.se/Var-natur/Skyddad-natur/Nationalparker/MuddusMuttus-Norrbottens-lan/"", ""website:map"": ""https://laponia.nu/wp-content/uploads/2014/09/2018-09-Avstandskarta-Muttos.png"", ""website:map2"": ""https://laponia.nu/wp-content/uploads/2016/02/Karta_Muttos_Laponia_LisaWallin.png"", ""wheelchair"": ""no"", ""wood_provided"": ""yes""}"
328384818,328384818,66.8019937,20.3248147,Nammajávrre,SE,alpine_hut,,,Laponiatjuottjudus,"{""alt_name"": ""Rámsojávrrestugan"", ""beds"": ""3"", ""building"": ""hut"", ""charge:adult"": ""150 SEK/night"", ""charge:child"": ""60 SEK/night"", ""charge:child:max_age"": ""15"", ""charge:daytime"": ""60 SEK/day"", ""description"": ""Stugorna är öppna året om och har självhushåll med enkel men bekväm standard. Du hugger själv ved, eldar, hämtar vatten, lagar mat, diskar och städar. Det finns ved och gasolspisar i alla stugor, samt inbetalningskort med information om hur du ska betala."", ""fee"": ""yes"", ""fireplace"": ""yes"", ""image"": ""https://laponia.nu/wp-content/uploads/2014/09/Nammavarre_140905JohanOja003-700x466.jpg"", ""internet_access"": ""no"", ""name"": ""Nammajávrre"", ""old_name"": ""Nammates"", ""operator"": ""Laponiatjuottjudus"", ""payment:bankgiro"": ""yes"", ""payment:details"": ""https://laponia.nu/wp-content/uploads/2019/11/Betalning_Muttos_2019_SVE.pdf"", ""payment:swish"": ""yes"", ""smoking"": ""no"", ""tourism"": ""alpine_hut"", ""website"": ""https://laponia.nu/upplev/leder/muttosbalges/"", ""website2"": ""http://www.naturvardsverket.se/Var-natur/Skyddad-natur/Nationalparker/MuddusMuttus-Norrbottens-lan/"", ""website:map"": ""https://laponia.nu/wp-content/uploads/2014/09/2018-09-Avstandskarta-Muttos.png"", ""website:map2"": ""https://laponia.nu/wp-content/uploads/2016/02/Karta_Muttos_Laponia_LisaWallin.png"", ""wheelchair"": ""no"", ""wood_provided"": ""yes""}"
328585391,328585391,66.8181649,20.1532561,Muddusfallet,SE,alpine_hut,,,,"{""beds"": ""8"", ""building"": ""yes"", ""charge:adult"": ""150 SEK/night"", ""charge:child"": ""60 SEK/night"", ""charge:child:max_age"": ""15"", ""charge:daytime"": ""60 SEK/day"", ""description"": ""Stugorna är öppna året om och har självhushåll med enkel men bekväm standard. Du hugger själv ved, eldar, hämtar vatten, lagar mat, diskar och städar. Det finns ved och gasolspisar i alla stugor, samt inbetalningskort med information om hur du ska betala."", ""fee"": ""yes"", ""fireplace"": ""yes"", ""image"": ""https://laponia.nu/wp-content/uploads/2014/09/muddusagahtjaldak_stuga-700x466.jpg"", ""name"": ""Muddusfallet"", ""payment:bankgiro"": ""yes"", ""payment:details"": ""https://laponia.nu/wp-content/uploads/2019/11/Betalning_Muttos_2019_SVE.pdf"", ""payment:swish"": ""yes"", ""smoking"": ""no"", ""tourism"": ""alpine_hut"", ""website"": ""https://laponia.nu/upplev/leder/muttosbalges/"", ""website2"": ""http://www.naturvardsverket.se/Var-natur/Skyddad-natur/Nationalparker/MuddusMuttus-Norrbottens-lan/"", ""website:map"": ""https://laponia.nu/wp-content/uploads/2014/09/2018-09-Avstandskarta-Muttos.png"", ""website:map2"": ""https://laponia.nu/wp-content/uploads/2016/02/Karta_Muttos_Laponia_LisaWallin.png"", ""wood_provided"": ""yes""}"
328595399,328595399,66.8513758,20.3324096,Manson,SE,alpine_hut,,,Laponiatjuottjudus,"{""building"": ""hut"", ""charge:adult"": ""150 SEK/night"", ""charge:child"": ""60 SEK/night"", ""charge:child:max_age"": ""15"", ""charge:daytime"": ""60 SEK/day"", ""description"": ""Stugorna är öppna året om och har självhushåll med enkel men bekväm standard. Du hugger själv ved, eldar, hämtar vatten, lagar mat, diskar och städar. Det finns ved och gasolspisar i alla stugor, samt inbetalningskort med information om hur du ska betala."", ""fee"": ""yes"", ""internet_access"": ""no"", ""name"": ""Manson"", ""operator"": ""Laponiatjuottjudus"", ""payment:bankgiro"": ""yes"", ""payment:details"": ""https://laponia.nu/wp-content/uploads/2019/11/Betalning_Muttos_2019_SVE.pdf"", ""payment:swish"": ""yes"", ""smoking"": ""no"", ""tourism"": ""alpine_hut"", ""website"": ""https://laponia.nu/upplev/leder/muttosbalges/"", ""website2"": ""http://www.naturvardsverket.se/Var-natur/Skyddad-natur/Nationalparker/MuddusMuttus-Norrbottens-lan/"", ""website:map"": ""https://laponia.nu/wp-content/uploads/2014/09/2018-09-Avstandskarta-Muttos.png"", ""website:map2"": ""https://laponia.nu/wp-content/uploads/2016/02/Karta_Muttos_Laponia_LisaWallin.png"", ""wood_provided"": ""yes""}"
339206155,339206155,67.9188831,18.6001108,Tarfala,SE,alpine_hut,,,Svenska Turistföreningen,"{""capacity"": ""22"", ""name"": ""Tarfala"", ""operator"": ""Svenska Turistföreningen"", ""tourism"": ""alpine_hut"", ""website"": ""https://www.svenskaturistforeningen.se/boende/stf-tarfala-fjallstuga/"", ""wikidata"": ""Q115856922""}"
339206157,339206157,68.0313682,18.5958355,Vistasstuga,SE,alpine_hut,,,,"{""affiliation"": ""Svenska Turistföreningen"", ""alt_name"": ""Fjällstuga Vistas"", ""capacity"": ""30"", ""description"": ""cabin host, safety room when not opened, emergency phone"", ""dnt:discount"": ""yes"", ""ele"": ""590"", ""name"": ""Vistasstuga"", ""opening_hours"": ""Mar -Apr,Jun -Sep"", ""service"": ""self"", ""shower"": ""no"", ""stf:discount"": ""yes"", ""tourism"": ""alpine_hut"", ""website"": ""https://www.svenskaturistforeningen.se/boende/stf-vistas-fjallstuga/""}"
339295282,339295282,68.017019,18.3939444,Fjällstuga Nallo,SE,alpine_hut,,,Svenska Turistföreningen,"{""affiliation"": ""Svenska Turistföreningen"", ""beds"": ""20"", ""capacity"": ""20"", ""description"": ""cabin host, safety room when not opened, emergency phone, no food"", ""dnt:discount"": ""yes"", ""ele"": ""915"", ""name"": ""Fjällstuga Nallo"", ""opening_hours"": ""mar 07-apr 26 00:00 - 24:00, jun 24-sep 13 00:00 - 24:00"", ""operator"": ""Svenska Turistföreningen"", ""rooms"": ""2"", ""service"": ""self"", ""shower"": ""no"", ""stf:discount"": ""yes"", ""tourism"": ""alpine_hut"", ""website"": ""https://www.svenskaturistforeningen.se/boende/stf-nallo-fjallstuga/""}"
339299832,339299832,67.6949032,18.1560562,Teusajaure Fjällstuga,SE,alpine_hut,,,Svenska Turistföreningen,"{""capacity"": ""30"", ""ele"": ""520"", ""image"": ""https://commons.wikimedia.org/wiki/File:Teusajaurestugorna2.jpg"", ""internet_access"": ""no"", ""name"": ""Teusajaure Fjällstuga"", ""operator"": ""Svenska Turistföreningen"", ""payment:cash"": ""yes"", ""payment:credit_cards"": ""yes"", ""reservation"": ""yes"", ""smoking"": ""outside"", ""snowmobile"": ""yes"", ""tourism"": ""alpine_hut"", ""website"": ""https://www.svenskaturistforeningen.se/boende/stf-teusajaure-fjallstuga/"", ""wikimedia_commons"": ""Category:Teusajaurestugorna""}"
339299833,339299833,67.5818276,18.1006482,Vakkotavare Fjällstuga,SE,alpine_hut,,,Svenska Turistföreningen,"{""capacity"": ""16"", ""check_date"": ""2024-07-03"", ""ele"": ""440"", ""internet_access"": ""no"", ""name"": ""Vakkotavare Fjällstuga"", ""operator"": ""Svenska Turistföreningen"", ""payment:cash"": ""yes"", ""payment:credit_cards"": ""yes"", ""reservation"": ""yes"", ""smoking"": ""outside"", ""tourism"": ""alpine_hut"", ""website"": ""https://www.svenskaturistforeningen.se/boende/stf-vakkotavare-fjallstuga/""}"
339299835,339299835,67.6346431,17.360798,Akka Fjällstuga,SE,alpine_hut,,,Svenska Turistförening,"{""capacity"": ""30"", ""dnt:classification"": ""ubetjent"", ""dnt:discount"": ""yes"", ""dnt:iid"": ""1570"", ""name"": ""Akka Fjällstuga"", ""operator"": ""Svenska Turistförening"", ""tourism"": ""alpine_hut"", ""website"": ""https://www.svenskaturistforeningen.se/boende/stf-akka-fjallstuga/""}"
339303441,339303441,67.1485794,18.3059078,Aktse Fjällstuga,SE,alpine_hut,,,Svenska Turistföreningen,"{""capacity"": ""34"", ""ele"": ""560"", ""internet_access"": ""no"", ""name"": ""Aktse Fjällstuga"", ""operator"": ""Svenska Turistföreningen"", ""payment:cash"": ""yes"", ""payment:credit_cards"": ""yes"", ""reservation"": ""yes"", ""smoking"": ""outside"", ""snowmobile"": ""yes"", ""tourism"": ""alpine_hut"", ""website"": ""https://www.svenskaturistforeningen.se/boende/stf-aktse-fjallstuga/"", ""wikidata"": ""Q113825817""}"
339305022,339305022,67.0470113,16.8844881,Vaimok Fjällstuga,SE,alpine_hut,,,Svenska Turistföreningen,"{""affiliation"": ""Den Norske Turistforening"", ""capacity"": ""26"", ""dnt:classification"": ""ubetjent"", ""dnt:discount"": ""yes"", ""dnt:iid"": ""1573"", ""emergency"": ""yes"", ""name"": ""Vaimok Fjällstuga"", ""operator"": ""Svenska Turistföreningen"", ""service"": ""no"", ""snowmobile"": ""yes"", ""tourism"": ""alpine_hut"", ""website"": ""https://www.svenskaturistforeningen.se/boende/stf-vaimok-fjallstuga/""}"
339326264,339326264,69.6809402,19.20878,Blåkollkoia,NO,wilderness_hut,,,Troms Turlag,"{""capacity"": ""5"", ""dnt:classification"": ""ubetjent"", ""dnt:iid"": ""263"", ""dnt:lock"": ""yes"", ""ele"": ""235"", ""name"": ""Blåkollkoia"", ""network"": ""Den Norske Turistforening"", ""operator"": ""Troms Turlag"", ""ref:kartverket:hytte"": ""1362"", ""tourism"": ""wilderness_hut"", ""website"": ""https://ut.no/hytte/blaakollkoia""}"
339398252,339398252,69.3208625,21.9691124,Nedrefosshytta,NO,wilderness_hut,,,Troms Turlag,"{""capacity"": ""16"", ""designation"": ""DNT (locked)"", ""dnt:classification"": ""ubetjent"", ""dnt:iid"": ""268"", ""dnt:lock"": ""yes"", ""ele"": ""145"", ""idrettsanleggregisteret:iid"": ""1942004201"", ""name"": ""Nedrefosshytta"", ""network"": ""Den Norske Turistforening"", ""operator"": ""Troms Turlag"", ""owner"": ""Troms Turlag"", ""ref:kartverket:hytte"": ""1366"", ""service"": ""no"", ""tourism"": ""wilderness_hut"", ""website"": ""https://ut.no/hytte/nedrefosshytta""}"
339405682,339405682,69.0529755,20.2541688,Gappohytta,NO,wilderness_hut,,,DNT Oslo og Omegn,"{""capacity"": ""20"", ""dnt:classification"": ""ubetjent"", ""dnt:iid"": ""33"", ""dnt:lock"": ""yes"", ""ele"": ""706"", ""name"": ""Gappohytta"", ""network"": ""Den Norske Turistforening"", ""operator"": ""DNT Oslo og Omegn"", ""ref:bygningsnr"": ""192059909"", ""ref:kartverket:hytte"": ""1066"", ""tourism"": ""wilderness_hut"", ""website"": ""https://ut.no/hytte/gappohytta""}"
339405688,339405688,68.939377,20.0268506,Rostahytta,NO,wilderness_hut,,,DNT Oslo og Omegn,"{""capacity"": ""33"", ""dnt:classification"": ""ubetjent"", ""dnt:iid"": ""96"", ""dnt:lock"": ""yes"", ""ele"": ""465"", ""idrettsanleggregisteret:iid"": ""1924002401"", ""name"": ""Rostahytta"", ""network"": ""Den Norske Turistforening"", ""operator"": ""DNT Oslo og Omegn"", ""owner"": ""Den Norske Turistforening"", ""ref:kartverket:hytte"": ""1111"", ""tourism"": ""wilderness_hut"", ""website"": ""https://ut.no/hytte/rostahytta""}"
339409572,339409572,68.5531041,18.1867093,Stordalsstua,NO,wilderness_hut,,,Troms Turlag,"{""capacity"": ""8"", ""dnt:classification"": ""ubetjent"", ""dnt:iid"": ""274"", ""dnt:lock"": ""yes"", ""ele"": ""478"", ""name"": ""Stordalsstua"", ""network"": ""Den Norske Turistforening"", ""operator"": ""Troms Turlag"", ""ref:kartverket:hytte"": ""1372"", ""tourism"": ""wilderness_hut"", ""website"": ""https://ut.no/hytte/stordalsstua""}"
339409574,339409574,68.3182446,17.8992917,Hundalshytta,NO,wilderness_hut,,,Narvik og Omegn Turistforening,"{""capacity"": ""14"", ""dnt:classification"": ""ubetjent"", ""dnt:iid"": ""323"", ""dnt:lock"": ""yes"", ""ele"": ""700"", ""name"": ""Hundalshytta"", ""network"": ""Den Norske Turistforening"", ""operator"": ""Narvik og Omegn Turistforening"", ""ref:kartverket:hytte"": ""1265"", ""tourism"": ""wilderness_hut"", ""website"": ""https://ut.no/hytte/hundalshytta""}"
339409578,339409578,68.1189329,17.947996,Cáihnavággihytta,NO,wilderness_hut,,,Narvik og Omegn Turistforening,"{""capacity"": ""14"", ""dnt:classification"": ""ubetjent"", ""dnt:iid"": ""320"", ""dnt:lock"": ""yes"", ""ele"": ""1010"", ""name"": ""Cáihnavággihytta"", ""network"": ""Den Norske Turistforening"", ""operator"": ""Narvik og Omegn Turistforening"", ""ref:kartverket:hytte"": ""1262"", ""tourism"": ""wilderness_hut"", ""website"": ""https://ut.no/hytte/c%C3%A1ihnav%C3%A1ggihytta""}"
339409580,339409580,68.1901463,17.7845141,Losistua,NO,wilderness_hut,,,DNT Oslo og Omegn,"{""alt_name"": ""Lossihytta"", ""capacity"": ""10"", ""dnt:classification"": ""ubetjent"", ""dnt:iid"": ""80"", ""dnt:lock"": ""yes"", ""ele"": ""720"", ""name"": ""Losistua"", ""network"": ""Den Norske Turistforening"", ""operator"": ""DNT Oslo og Omegn"", ""ref:kartverket:hytte"": ""1093"", ""tourism"": ""wilderness_hut"", ""website"": ""https://ut.no/hytte/losistua""}"
339409581,339409581,68.0588072,17.5926033,Skoaddejávre,NO,wilderness_hut,,,Narvik og Omegn Turistforening,"{""capacity"": ""12"", ""dnt:classification"": ""ubetjent"", ""dnt:iid"": ""328"", ""dnt:lock"": ""yes"", ""ele"": ""1020"", ""name"": ""Skoaddejávre"", ""network"": ""Den Norske Turistforening"", ""operator"": ""Narvik og Omegn Turistforening"", ""ref:kartverket:hytte"": ""1270"", ""tourism"": ""wilderness_hut"", ""website"": ""https://ut.no/hytte/skoaddej%C3%A1vre""}"
339409582,339409582,68.100582,17.2347661,Sitashytta,NO,wilderness_hut,,,Narvik og Omegn Turistforening,"{""capacity"": ""8"", ""dnt:classification"": ""ubetjent"", ""dnt:iid"": ""327"", ""dnt:lock"": ""yes"", ""ele"": ""630"", ""name"": ""Sitashytta"", ""network"": ""Den Norske Turistforening"", ""operator"": ""Narvik og Omegn Turistforening"", ""ref:kartverket:hytte"": ""1269"", ""tourism"": ""wilderness_hut"", ""website"": ""https://ut.no/hytte/sitashytta""}"
339409583,339409583,68.0489365,17.0316185,Paurohytta,NO,wilderness_hut,,,Narvik og Omegn Turistforening,"{""capacity"": ""12"", ""dnt:classification"": ""ubetjent"", ""dnt:iid"": ""325"", ""dnt:lock"": ""yes"", ""ele"": ""695"", ""name"": ""Paurohytta"", ""network"": ""Den Norske Turistforening"", ""operator"": ""Narvik og Omegn Turistforening"", ""source:date"": ""2011-05-25 11:47:11"", ""tourism"": ""wilderness_hut"", ""website"": ""https://ut.no/hytte/paurohytta""}"
339412453,339412453,68.5635421,17.2332339,Skoddeberghytta,NO,wilderness_hut,,,Harstad Turlag,"{""capacity"": ""7"", ""dnt:classification"": ""ubetjent"", ""dnt:iid"": ""400"", ""dnt:lock"": ""yes"", ""ele"": ""110"", ""name"": ""Skoddeberghytta"", ""network"": ""Den Norske Turistforening"", ""operator"": ""Harstad Turlag"", ""ref:kartverket:hytte"": ""1184"", ""tourism"": ""wilderness_hut"", ""website"": ""https://ut.no/hytte/skoddeberghytta""}"
339595788,339595788,68.5709003,17.0132008,Blåvatnhytta,NO,wilderness_hut,,,Harstad Turlag,"{""capacity"": ""10"", ""dnt:classification"": ""ubetjent"", ""dnt:iid"": ""399"", ""dnt:lock"": ""yes"", ""ele"": ""570"", ""name"": ""Blåvatnhytta"", ""network"": ""Den Norske Turistforening"", ""operator"": ""Harstad Turlag"", ""ref:kartverket:hytte"": ""1180"", ""tourism"": ""wilderness_hut"", ""website"": ""https://ut.no/hytte/blaavatnhytta""}"
339595790,339595790,68.6583336,16.3896615,Bjørnhaugen,NO,wilderness_hut,,,Harstad Turlag,"{""capacity"": ""12"", ""dnt:classification"": ""ubetjent"", ""dnt:iid"": ""395"", ""dnt:lock"": ""yes"", ""ele"": ""210"", ""name"": ""Bjørnhaugen"", ""network"": ""Den Norske Turistforening"", ""operator"": ""Harstad Turlag"", ""ref:kartverket:hytte"": ""1179"", ""tourism"": ""wilderness_hut"", ""website"": ""https://ut.no/hytte/bjoernhaugen""}"
339595794,339595794,68.6349622,16.0473736,Fossestua,NO,wilderness_hut,,,Harstad Turlag,"{""capacity"": ""8"", ""dnt:classification"": ""ubetjent"", ""dnt:iid"": ""396"", ""dnt:lock"": ""yes"", ""ele"": ""20"", ""name"": ""Fossestua"", ""network"": ""Den Norske Turistforening"", ""operator"": ""Harstad Turlag"", ""ref:kartverket:hytte"": ""1181"", ""tourism"": ""wilderness_hut"", ""website"": ""https://ut.no/hytte/fossestua""}"
339595795,339595795,68.7048958,15.7523517,Ingemannhytta,NO,wilderness_hut,,,Vesterålen Turlag,"{""capacity"": ""5"", ""dnt:classification"": ""ubetjent"", ""dnt:iid"": ""246"", ""dnt:lock"": ""yes"", ""ele"": ""190"", ""name"": ""Ingemannhytta"", ""network"": ""Den Norske Turistforening"", ""operator"": ""Vesterålen Turlag"", ""ref:kartverket:hytte"": ""1399"", ""tourism"": ""wilderness_hut"", ""website"": ""https://ut.no/hytte/ingemannhytta""}"
339595796,339595796,68.5640545,15.575553,Snytindhytta,NO,wilderness_hut,,,Vesterålen Turlag,"{""capacity"": ""14"", ""dnt:classification"": ""ubetjent"", ""dnt:iid"": ""247"", ""dnt:lock"": ""yes"", ""ele"": ""390"", ""name"": ""Snytindhytta"", ""network"": ""Den Norske Turistforening"", ""operator"": ""Vesterålen Turlag"", ""ref:kartverket:hytte"": ""1400"", ""tourism"": ""wilderness_hut"", ""website"": ""https://ut.no/hytte/snytindhytta""}"
339595798,339595798,68.03592,13.0751658,Selfjordhytta,NO,wilderness_hut,,,Lofoten Turlag,"{""capacity"": ""9"", ""dnt:classification"": ""ubetjent"", ""dnt:iid"": ""341"", ""dnt:lock"": ""yes"", ""ele"": ""30"", ""name"": ""Selfjordhytta"", ""network"": ""Den Norske Turistforening"", ""operator"": ""Lofoten Turlag"", ""ref:kartverket:hytte"": ""1252"", ""tourism"": ""wilderness_hut"", ""website"": ""https://ut.no/hytte/selfjordhytta""}"
339599364,339599364,67.1401726,16.1368391,Ny-Sulitjelma fjellstue (Hanken),NO,wilderness_hut,,,Sulitjelma og Omegn Turistforening,"{""capacity"": ""26"", ""dnt:classification"": ""ubetjent"", ""dnt:iid"": ""285"", ""dnt:lock"": ""yes"", ""ele"": ""580"", ""name"": ""Ny-Sulitjelma fjellstue (Hanken)"", ""network"": ""Den Norske Turistforening"", ""operator"": ""Sulitjelma og Omegn Turistforening"", ""ref:kartverket:hytte"": ""1357"", ""tourism"": ""wilderness_hut"", ""website"": ""https://ut.no/hytte/ny-sulitjelma-fjellstue""}"
339599366,339599366,67.054297,16.3724255,Muorkihytta,NO,wilderness_hut,,,Sulitjelma og Omegn Turistforening,"{""capacity"": ""8"", ""dnt:classification"": ""ubetjent"", ""dnt:iid"": ""284"", ""dnt:lock"": ""yes"", ""ele"": ""720"", ""name"": ""Muorkihytta"", ""network"": ""Den Norske Turistforening"", ""operator"": ""Sulitjelma og Omegn Turistforening"", ""ref:kartverket:hytte"": ""1356"", ""tourism"": ""wilderness_hut"", ""website"": ""https://ut.no/hytte/muorkihytta""}"
339599367,339599367,67.0540414,16.0945186,Tjalalveshytta,NO,wilderness_hut,,,Sulitjelma og Omegn Turistforening,"{""alt_name"": ""Calalveshytta"", ""capacity"": ""25"", ""dnt:classification"": ""ubetjent"", ""dnt:iid"": ""280"", ""dnt:lock"": ""yes"", ""ele"": ""560"", ""name"": ""Tjalalveshytta"", ""network"": ""Den Norske Turistforening"", ""operator"": ""Sulitjelma og Omegn Turistforening"", ""ref:kartverket:hytte"": ""1353"", ""tourism"": ""wilderness_hut"", ""website"": ""https://ut.no/hytte/calalveshytta""}"
339599368,339599368,67.1878308,14.4267132,Gjælentunet,NO,wilderness_hut,,,Bodø og Omegns Turistforening,"{""capacity"": ""34"", ""dnt:classification"": ""ubetjent"", ""dnt:iid"": ""367"", ""dnt:lock"": ""yes"", ""ele"": ""40"", ""name"": ""Gjælentunet"", ""network"": ""Den Norske Turistforening"", ""operator"": ""Bodø og Omegns Turistforening"", ""source:date"": ""2011-06-08 09:32:07"", ""tourism"": ""wilderness_hut"", ""website"": ""https://ut.no/hytte/gjaelentunet""}"
339599369,339599369,67.0018938,14.9485669,Tverrbrennstua,NO,wilderness_hut,,,Bodø og Omegns Turistforening,"{""capacity"": ""23"", ""dnt:classification"": ""ubetjent"", ""dnt:iid"": ""375"", ""dnt:lock"": ""yes"", ""ele"": ""555"", ""name"": ""Tverrbrennstua"", ""network"": ""Den Norske Turistforening"", ""operator"": ""Bodø og Omegns Turistforening"", ""ref:kartverket:hytte"": ""1049"", ""tourism"": ""wilderness_hut"", ""website"": ""https://ut.no/hytte/tverrbrennstua""}"
339599370,339599370,66.9359408,15.2365214,Jordbruhytta,NO,wilderness_hut,,,Bodø og Omegns Turistforening,"{""alt_name"": ""Jordbruhytta"", ""capacity"": ""8"", ""dnt:classification"": ""ubetjent"", ""dnt:iid"": ""368"", ""dnt:lock"": ""yes"", ""ele"": ""325"", ""name"": ""Jordbruhytta"", ""network"": ""Den Norske Turistforening"", ""operator"": ""Bodø og Omegns Turistforening"", ""ref:kartverket:hytte"": ""1042"", ""service"": ""no"", ""tourism"": ""wilderness_hut"", ""website"": ""https://ut.no/hytte/jordbruhytta""}"
339599371,339599371,66.8494461,15.0456599,Bjellåvasstua,NO,wilderness_hut,,,Bodø og Omegns Turistforening,"{""capacity"": ""29"", ""dnt:classification"": ""ubetjent"", ""dnt:iid"": ""334"", ""dnt:lock"": ""yes"", ""ele"": ""720"", ""name"": ""Bjellåvasstua"", ""network"": ""Den Norske Turistforening"", ""operator"": ""Bodø og Omegns Turistforening"", ""ref:kartverket:hytte"": ""1038"", ""tourism"": ""wilderness_hut"", ""website"": ""https://ut.no/hytte/bjellaavasstua""}"
339599373,339599373,66.8005523,15.6888647,Trygvebu,NO,wilderness_hut,,,Bodø og Omegns Turistforening,"{""capacity"": ""20"", ""dnt:classification"": ""ubetjent"", ""dnt:iid"": ""374"", ""dnt:lock"": ""yes"", ""ele"": ""420"", ""name"": ""Trygvebu"", ""network"": ""Den Norske Turistforening"", ""operator"": ""Bodø og Omegns Turistforening"", ""ref:kartverket:hytte"": ""1048"", ""tourism"": ""wilderness_hut"", ""website"": ""https://ut.no/hytte/trygvebu""}"
339599374,339599374,66.7360225,15.465619,Lønsstua,NO,wilderness_hut,,,Bodø og Omegns Turistforening,"{""alt_name"": ""Lønsstua"", ""capacity"": ""30"", ""dnt:classification"": ""ubetjent"", ""dnt:iid"": ""371"", ""dnt:lock"": ""yes"", ""ele"": ""475"", ""name"": ""Lønsstua"", ""network"": ""Den Norske Turistforening"", ""operator"": ""Bodø og Omegns Turistforening"", ""ref:kartverket:hytte"": ""1045"", ""tourism"": ""wilderness_hut"", ""website"": ""https://ut.no/hytte/loensstua""}"
339599375,339599375,66.7608134,15.0129592,Midtistua,NO,wilderness_hut,,,Bodø og Omegns Turistforening,"{""capacity"": ""16"", ""dnt:classification"": ""ubetjent"", ""dnt:iid"": ""372"", ""dnt:lock"": ""yes"", ""ele"": ""710"", ""name"": ""Midtistua"", ""network"": ""Den Norske Turistforening"", ""operator"": ""Bodø og Omegns Turistforening"", ""ref:kartverket:hytte"": ""1046"", ""tourism"": ""wilderness_hut"", ""website"": ""https://ut.no/hytte/midtistua""}"
339599376,339599376,66.7149655,15.0259014,Saltfjellstua,NO,wilderness_hut,,,Rana Turistforening,"{""capacity"": ""20"", ""dnt:classification"": ""ubetjent"", ""dnt:iid"": ""305"", ""dnt:lock"": ""yes"", ""ele"": ""610"", ""name"": ""Saltfjellstua"", ""network"": ""Den Norske Turistforening"", ""operator"": ""Rana Turistforening"", ""ref:kartverket:hytte"": ""1291"", ""tourism"": ""wilderness_hut"", ""website"": ""https://ut.no/hytte/saltfjellstua""}"
339599377,339599377,66.6788792,15.0490779,Krukkistua,NO,wilderness_hut,,,Rana Turistforening,"{""capacity"": ""8"", ""dnt:classification"": ""ubetjent"", ""dnt:iid"": ""369"", ""dnt:lock"": ""yes"", ""ele"": ""520"", ""name"": ""Krukkistua"", ""network"": ""Den Norske Turistforening"", ""operator"": ""Rana Turistforening"", ""ref:kartverket:hytte"": ""1043"", ""tourism"": ""wilderness_hut"", ""website"": ""https://ut.no/hytte/krukkistua""}"
362776138,362776138,69.6017068,18.9540595,Fjørtofthytta,NO,wilderness_hut,,,Ishavskysten Friluftsråd,"{""building"": ""shed"", ""name"": ""Fjørtofthytta"", ""operator"": ""Ishavskysten Friluftsråd"", ""ref:bygningsnr"": ""190711935"", ""tourism"": ""wilderness_hut""}"
396226319,396226319,66.804423,14.8908715,Bukkhaugbua,NO,wilderness_hut,,,,"{""building"": ""cabin"", ""name"": ""Bukkhaugbua"", ""ref:bygningsnr"": ""188743080"", ""tourism"": ""wilderness_hut""}"
464326336,464326336,67.473168,16.0918577,ragojaurehytta,NO,wilderness_hut,,,,"{""access"": ""private"", ""building"": ""yes"", ""name"": ""ragojaurehytta"", ""note"": ""i eie av Norsk og svensk reindriftsnæring / owned by Norwegian and Swedish reindeer henders (http://www.nasjonalparkstyre.no/Documents/Midtre_Nordland_dok/Rago/Forvaltningsplan%20Rago.pdf)"", ""tourism"": ""wilderness_hut""}"
470930791,470930791,68.3585719,18.7836749,STF Abisko Turiststation,SE,hotel,,,Svenska Turistföreningen,"{""addr:postcode"": ""98107"", ""capacity"": ""100"", ""check_date:opening_hours"": ""2024-03-20"", ""ele"": ""400"", ""internet_access"": ""wlan"", ""internet_access:fee"": ""no"", ""name"": ""STF Abisko Turiststation"", ""opening_hours"": ""Mo-Su,PH 07:30-23:00"", ""operator"": ""Svenska Turistföreningen"", ""payment:cash"": ""no"", ""phone"": ""+46 980 402 00"", ""toilets"": ""yes"", ""tourism"": ""hotel"", ""website"": ""https://www.svenskaturistforeningen.se/boende/stf-abisko-turiststation/"", ""wheelchair"": ""yes""}"
614296397,614296397,68.3616065,14.880369,Lille Trollfjordhytta,NO,wilderness_hut,,,Vesterålen Turlag,"{""access"": ""permissive"", ""building"": ""yes"", ""capacity"": ""8"", ""dnt:classification"": ""ubetjent"", ""dnt:iid"": ""248"", ""elevation"": ""405"", ""fee"": ""yes"", ""fireplace"": ""yes"", ""locked"": ""no"", ""name"": ""Lille Trollfjordhytta"", ""network"": ""Den Norske Turistforening"", ""operator"": ""Vesterålen Turlag"", ""ref:bygningsnr"": ""189850239"", ""tourism"": ""wilderness_hut"", ""website"": ""https://ut.no/hytte/trollfjordhytta""}"
622411605,622411605,67.2683815,17.0335393,Duottar Fjällstuga,SE,alpine_hut,,,Badjelánnda Laponia Turism ek. för.,"{""beds"": ""32"", ""building"": ""yes"", ""name"": ""Duottar Fjällstuga"", ""operator"": ""Badjelánnda Laponia Turism ek. för."", ""payment:cash"": ""yes"", ""payment:credit_cards"": ""no"", ""payment:cryptocurrencies"": ""no"", ""payment:debit_cards"": ""no"", ""payment:electronic_purses"": ""no"", ""tourism"": ""alpine_hut"", ""winter_room"": ""yes""}"
624030029,624030029,66.7866206,14.471739,Gråtådalstua,NO,wilderness_hut,,,Beiarn Jeger- og Fiskerforening (BJFF),"{""building"": ""yes"", ""capacity"": ""6"", ""name"": ""Gråtådalstua"", ""note"": ""Eid av jegerforeningen; sikringshytte for DNT"", ""operator"": ""Beiarn Jeger- og Fiskerforening (BJFF)"", ""tourism"": ""wilderness_hut""}"
686169923,686169923,67.9605504,16.8332453,Røysvatnhytta,NO,wilderness_hut,,,Narvik og Omegn Turistforening,"{""building"": ""cabin"", ""capacity"": ""12"", ""dnt:classification"": ""ubetjent"", ""dnt:iid"": ""326"", ""dnt:lock"": ""yes"", ""ele"": ""810"", ""name"": ""Røysvatnhytta"", ""network"": ""Den Norske Turistforening"", ""operator"": ""Narvik og Omegn Turistforening"", ""ref:kartverket:hytte"": ""1268"", ""tourism"": ""wilderness_hut"", ""website"": ""https://ut.no/hytte/roeysvatn""}"
686379678,686379678,68.0489372,17.0316154,Paurohytta,NO,wilderness_hut,,,Narvik og Omegn Turistforening,"{""building"": ""cabin"", ""capacity"": ""12"", ""dnt:classification"": ""ubetjent"", ""dnt:iid"": ""325"", ""dnt:lock"": ""yes"", ""ele"": ""695"", ""name"": ""Paurohytta"", ""network"": ""Den Norske Turistforening"", ""operator"": ""Narvik og Omegn Turistforening"", ""ref:kartverket:hytte"": ""1267"", ""tourism"": ""wilderness_hut"", ""website"": ""https://ut.no/hytte/paurohytta""}"
754817948,754817948,67.067968,17.1581376,Såmmarlappa fjällstuga,SE,alpine_hut,,,Svenska Turistföreningen,"{""beds"": ""18"", ""building"": ""yes"", ""building:levels"": ""1"", ""capacity"": ""18"", ""fee"": ""yes"", ""name"": ""Såmmarlappa fjällstuga"", ""operator"": ""Svenska Turistföreningen"", ""payment:cash"": ""yes"", ""payment:credit_cards"": ""yes"", ""shop"": ""convenience"", ""tourism"": ""alpine_hut"", ""wikidata"": ""Q113763222""}"
799727305,799727305,69.8243115,23.007769,Krokvannskoia,NO,wilderness_hut,,,,"{""building"": ""cabin"", ""name"": ""Krokvannskoia"", ""source"": ""Norway Orthophoto"", ""tourism"": ""wilderness_hut""}"
809206898,809206898,68.0595248,13.0958017,"Steinbu,markvatnet,krystad",NO,wilderness_hut,,,,"{""building"": ""yes"", ""idrettsanleggregisteret:iid"": ""1859001401"", ""name"": ""Steinbu,markvatnet,krystad"", ""owner"": ""Flakstad kommune"", ""source"": ""Idrettsanleggregisteret"", ""tourism"": ""wilderness_hut""}"
877454520,877454520,69.1814585,21.7850087,Sidusgophihytta,NO,wilderness_hut,,,,"{""building"": ""cabin"", ""fee"": ""no"", ""name"": ""Sidusgophihytta"", ""ref:bygningsnr"": ""192180147"", ""tourism"": ""wilderness_hut""}"
923359313,923359313,70.547582,30.3539295,Indre Syltevik,NO,wilderness_hut,,,Varangerhalvøya Turlag,"{""access"": ""private"", ""building"": ""yes"", ""fee"": ""yes"", ""fireplace"": ""yes"", ""name"": ""Indre Syltevik"", ""operator"": ""Varangerhalvøya Turlag"", ""ref:bygningsnr"": ""193033199"", ""ref:kartverket:hytte"": ""1501"", ""tourism"": ""wilderness_hut""}"
984606087,984606087,68.361127,14.8799237,Trollfjordhytta,NO,wilderness_hut,,,Vesterålen Turlag,"{""access"": ""private"", ""building"": ""yes"", ""building:levels"": ""1"", ""capacity"": ""12"", ""ele"": ""405"", ""fee"": ""yes"", ""fireplace"": ""yes"", ""locked"": ""yes"", ""name"": ""Trollfjordhytta"", ""network"": ""Den Norske Turistforening"", ""operator"": ""Vesterålen Turlag"", ""ref:bygningsnr"": ""300719530"", ""tourism"": ""wilderness_hut""}"
1077655383,1077655383,70.4542427,30.4456658,Telegrafhytta,NO,wilderness_hut,,,,"{""name"": ""Telegrafhytta"", ""tourism"": ""wilderness_hut""}"
1116056965,1116056965,69.7062627,18.7321848,Fjelly,NO,wilderness_hut,,,,"{""access"": ""yes"", ""building"": ""yes"", ""fee"": ""no"", ""name"": ""Fjelly"", ""tourism"": ""wilderness_hut""}"
1141329748,1141329748,68.6542549,17.7400522,Snolkehytta,NO,alpine_hut,,,,"{""building"": ""yes"", ""name"": ""Snolkehytta"", ""tourism"": ""alpine_hut""}"
1288154361,1288154361,70.4948533,23.4999865,Tindstua,NO,wilderness_hut,,,,"{""idrettsanleggregisteret:iid"": ""2004002601"", ""name"": ""Tindstua"", ""owner"": ""Nordre Seiland Vilt- og friluftsforening"", ""ref:kartverket:hytte"": ""5181"", ""tourism"": ""wilderness_hut"", ""website"": ""https://hammerfest.kommune.no/tjenester/kultur-fritid-og-friluftsliv/friluftsliv/tur/turhytter/hytteregler-for-tindstua.3091.aspx""}"
1288154420,1288154420,69.5653494,21.2719043,Sappenhytta,NO,wilderness_hut,,,Troms Turlag,"{""fixme"": ""position"", ""idrettsanleggregisteret:iid"": ""1942004101"", ""name"": ""Sappenhytta"", ""network"": ""Den Norske Turistforening"", ""operator"": ""Troms Turlag"", ""source"": ""Idrettsanleggregisteret"", ""tourism"": ""wilderness_hut""}"
1348454895,1348454895,69.7547831,23.933054,Joatkajávri fjellstue,NO,alpine_hut,,,,"{""alt_name"": ""Jotka Fjellstue"", ""capacity"": ""32"", ""dnt:classification"": ""betjent"", ""dnt:iid"": ""1207"", ""internet_access"": ""wlan"", ""internet_access:fee"": ""no"", ""internet_access:ssid"": ""Gjest-Jotka"", ""name"": ""Joatkajávri fjellstue"", ""network"": ""Den Norske Turistforening"", ""ref:kartverket:hytte"": ""5084"", ""service"": ""full"", ""snowmobile"": ""yes"", ""source"": ""Den Norske Turistforening"", ""source:date"": ""2010-11-23 08:22:24"", ""tourism"": ""alpine_hut"", ""website"": ""https://ut.no/hytte/joatkaj%C3%A1vri-fjellstue"", ""wikidata"": ""Q11979404""}"
1356401174,1356401174,66.8478765,15.7872207,Argaladhytta,NO,wilderness_hut,,,Bodø og Omegns Turistforening,"{""capacity"": ""7"", ""dnt:classification"": ""ubetjent"", ""dnt:iid"": ""332"", ""dnt:lock"": ""yes"", ""ele"": ""575"", ""name"": ""Argaladhytta"", ""network"": ""Den Norske Turistforening"", ""operator"": ""Bodø og Omegns Turistforening"", ""ref:kartverket:hytte"": ""1036"", ""tourism"": ""wilderness_hut"", ""website"": ""https://ut.no/hytte/argaladhytta""}"
1356401816,1356401816,68.7720076,16.4376816,Grønnkollen,NO,wilderness_hut,,,Harstad Turlag,"{""capacity"": ""17"", ""dnt:classification"": ""ubetjent"", ""dnt:iid"": ""525"", ""dnt:lock"": ""yes"", ""ele"": ""220"", ""name"": ""Grønnkollen"", ""network"": ""Den Norske Turistforening"", ""operator"": ""Harstad Turlag"", ""ref:kartverket:hytte"": ""1428"", ""tourism"": ""wilderness_hut"", ""website"": ""https://ut.no/hytte/groennkollen""}"
1356401838,1356401838,68.6622642,14.7756614,Guvåghytta,NO,wilderness_hut,,,Vesterålen Turlag,"{""capacity"": ""19"", ""dnt:classification"": ""ubetjent"", ""dnt:iid"": ""245"", ""dnt:lock"": ""yes"", ""ele"": ""5"", ""name"": ""Guvåghytta"", ""network"": ""Den Norske Turistforening"", ""operator"": ""Vesterålen Turlag"", ""ref:kartverket:hytte"": ""1398"", ""tourism"": ""wilderness_hut"", ""website"": ""https://ut.no/hytte/guvaaghytta""}"
1356401961,1356401961,67.935601,17.9676443,Hukejaure Fjällstuga,SE,alpine_hut,,,Svenska Turistföreningen,"{""capacity"": ""20"", ""description"": ""cabin host, safety room when not opened, emergency phone, no food"", ""ele"": ""872"", ""internet_access"": ""no"", ""name"": ""Hukejaure Fjällstuga"", ""operator"": ""Svenska Turistföreningen"", ""payment:cash"": ""yes"", ""payment:credit_cards"": ""yes"", ""shower"": ""no"", ""smoking"": ""outside"", ""snowmobile"": ""yes"", ""tourism"": ""alpine_hut"", ""website"": ""https://www.svenskaturistforeningen.se/boende/stf-hukejaure-fjallstugor/""}"
1356402043,1356402043,67.867933,18.6204283,Kebnekaise Restaurant,SE,alpine_hut,restaurant,,Svenska Turistföreningen,"{""affiliation"": ""Den Norske Turistforening"", ""amenity"": ""restaurant"", ""dnt:classification"": ""betjent"", ""dnt:discount"": ""yes"", ""dnt:iid"": ""1213"", ""name"": ""Kebnekaise Restaurant"", ""operator"": ""Svenska Turistföreningen"", ""service"": ""full"", ""snowmobile"": ""yes"", ""tourism"": ""alpine_hut"", ""url"": ""https://www.svenskaturistforeningen.se/anlaggningar/stf-kebnekaise-fjallstation/"", ""website"": ""https://www.bestigakebnekaise.se/kebnekaise-fjallstation/""}"
1356402106,1356402106,67.5853103,17.0329786,Kutjaure Fjällstuga,SE,alpine_hut,,,Svenska Turistföreningen,"{""affiliation"": ""Den Norske Turistforening"", ""beds"": ""20"", ""capacity"": ""20"", ""dnt:classification"": ""ubetjent"", ""dnt:discount"": ""yes"", ""dnt:iid"": ""1568"", ""name"": ""Kutjaure Fjällstuga"", ""operator"": ""Svenska Turistföreningen"", ""service"": ""no"", ""source"": ""Den Norske Turistforening"", ""source:date"": ""2011-05-07 13:35:30"", ""tourism"": ""alpine_hut"", ""website"": ""https://www.svenskaturistforeningen.se/boende/stf-kutjaure-fjallstuga/""}"
1356402131,1356402131,68.3345508,18.5012853,Kårsavagge Fjällstuga,SE,alpine_hut,,,Svenska Turistföreningen,"{""affiliation"": ""Den Norske Turistforening"", ""beds"": ""10"", ""capacity"": ""10"", ""dnt:classification"": ""ubetjent"", ""dnt:discount"": ""yes"", ""dnt:iid"": ""1554"", ""name"": ""Kårsavagge Fjällstuga"", ""operator"": ""Svenska Turistföreningen"", ""service"": ""no"", ""tourism"": ""alpine_hut"", ""website"": ""https://www.svenskaturistforeningen.se/boende/stf-karsavagge-fjallstuga/"", ""wikidata"": ""Q115679815""}"
1356402628,1356402628,67.031666,16.5296498,Pieskehaure Fjällstuga,SE,alpine_hut,,,,"{""affiliation"": ""Den Norske Turistforening"", ""capacity"": ""26"", ""dnt:classification"": ""selvbetjent"", ""dnt:discount"": ""yes"", ""dnt:iid"": ""1572"", ""name"": ""Pieskehaure Fjällstuga"", ""service"": ""self"", ""shop"": ""yes"", ""snowmobile"": ""yes"", ""tourism"": ""alpine_hut"", ""website"": ""https://www.svenskaturistforeningen.se/boende/stf-pieskehaure-fjallstuga/"", ""wikidata"": ""Q113757502""}"
1356402669,1356402669,68.9742092,20.3684751,Pältsa Fjällstuga,SE,alpine_hut,,,Svenska Turistföreningen,"{""affiliation"": ""Den Norske Turistforening"", ""capacity"": ""26"", ""dnt:classification"": ""ubetjent"", ""dnt:discount"": ""yes"", ""dnt:iid"": ""1574"", ""name"": ""Pältsa Fjällstuga"", ""operator"": ""Svenska Turistföreningen"", ""service"": ""no"", ""source"": ""GPS"", ""source:date"": ""2011-05-07 13:55:46"", ""tourism"": ""alpine_hut"", ""website"": ""https://www.svenskaturistforeningen.se/boende/stf-paltsa-fjallstuga/"", ""wikidata"": ""Q27908690""}"
1356402744,1356402744,69.896263,19.1280706,Ringvassbu,NO,wilderness_hut,,,Troms Turlag,"{""capacity"": ""10"", ""dnt:classification"": ""ubetjent"", ""dnt:iid"": ""271"", ""dnt:lock"": ""yes"", ""ele"": ""400"", ""name"": ""Ringvassbu"", ""network"": ""Den Norske Turistforening"", ""operator"": ""Troms Turlag"", ""ref:kartverket:hytte"": ""1368"", ""tourism"": ""wilderness_hut"", ""website"": ""https://ut.no/hytte/ringvassbu""}"
1356402863,1356402863,67.3940048,18.5204549,Saltoluokta Fjällstation,SE,alpine_hut,,,Svenska Turistföreningen,"{""capacity"": ""100"", ""ele"": ""400"", ""email"": ""saltoluokta@stfturist.se"", ""internet_access"": ""wlan"", ""internet_access:fee"": ""no"", ""name"": ""Saltoluokta Fjällstation"", ""operator"": ""Svenska Turistföreningen"", ""payment:cash"": ""no"", ""payment:credit_cards"": ""yes"", ""phone"": ""+46 101902350"", ""reservation"": ""yes"", ""smoking"": ""outside"", ""snowmobile"": ""yes"", ""tourism"": ""alpine_hut"", ""website"": ""https://www.svenskaturistforeningen.se/anlaggningar/stf-saltoluokta-fjallstation/"", ""wikimedia_commons"": ""Category:Mountain station Saltoluokta""}"
1356402956,1356402956,69.3446753,17.4375685,Senjabu,NO,wilderness_hut,,,Troms Turlag,"{""capacity"": ""8"", ""dnt:classification"": ""ubetjent"", ""dnt:iid"": ""460"", ""dnt:lock"": ""yes"", ""name"": ""Senjabu"", ""network"": ""Den Norske Turistforening"", ""operator"": ""Troms Turlag"", ""ref:kartverket:hytte"": ""1369"", ""tourism"": ""wilderness_hut"", ""website"": ""https://ut.no/hytte/senjabu""}"
1356403016,1356403016,67.8577848,17.6249135,Sitasjaure Fjällstuga,SE,alpine_hut,,,Svenska Turistföreningen,"{""capacity"": ""28"", ""internet_access"": ""no"", ""name"": ""Sitasjaure Fjällstuga"", ""operator"": ""Svenska Turistföreningen"", ""payment:cash"": ""yes"", ""payment:credit_cards"": ""yes"", ""reservation"": ""yes"", ""smoking"": ""outside"", ""snowmobile"": ""yes"", ""tourism"": ""alpine_hut"", ""website"": ""https://www.svenskaturistforeningen.se/boende/stf-sitasjaure-fjallstuga/""}"
1356403490,1356403490,66.8141472,15.4006573,Storjordstua,NO,wilderness_hut,,,,"{""capacity"": ""12"", ""dnt:classification"": ""ubetjent"", ""dnt:iid"": ""1515"", ""dnt:lock"": ""yes"", ""ele"": ""117"", ""name"": ""Storjordstua"", ""network"": ""Den Norske Turistforening"", ""ref:kartverket:hytte"": ""1434"", ""tourism"": ""wilderness_hut"", ""website"": ""https://ut.no/hytte/storjordstua""}"
1356403616,1356403616,67.9461644,18.2820478,Sälka Fjällstuga,SE,alpine_hut,,,Svenska Turistföreningen,"{""affiliation"": ""Svenska Turistföreningen"", ""capacity"": ""54"", ""description"": ""sauna, accept creditcard,cabin host, safety room when not opened, emergency phone"", ""ele"": ""790"", ""internet_access"": ""no"", ""name"": ""Sälka Fjällstuga"", ""operator"": ""Svenska Turistföreningen"", ""payment:cash"": ""yes"", ""payment:credit_cards"": ""yes"", ""reservation"": ""yes"", ""shower"": ""no"", ""smoking"": ""outside"", ""tourism"": ""alpine_hut"", ""website"": ""https://www.svenskaturistforeningen.se/boende/stf-salka-fjallstuga/""}"
1356403665,1356403665,66.9902465,17.2915576,Tarrekaise Fjällstuga,SE,alpine_hut,,,Svenska Turistföreningen,"{""affiliation"": ""Den Norske Turistforening"", ""capacity"": ""26"", ""dnt:classification"": ""selvbetjent"", ""dnt:discount"": ""yes"", ""dnt:iid"": ""1559"", ""name"": ""Tarrekaise Fjällstuga"", ""operator"": ""Svenska Turistföreningen"", ""service"": ""self"", ""tourism"": ""alpine_hut"", ""website"": ""https://www.svenskaturistforeningen.se/boende/stf-tarrekaise-fjallstuga/""}"
1356403681,1356403681,68.0515505,18.2416099,Tjäktja Fjällstuga,SE,alpine_hut,,,Svenska Turistföreningen,"{""capacity"": ""33"", ""ele"": ""1000"", ""internet_access"": ""no"", ""name"": ""Tjäktja Fjällstuga"", ""operator"": ""Svenska Turistföreningen"", ""payment:cash"": ""yes"", ""payment:credit_cards"": ""yes"", ""reservation"": ""yes"", ""smoking"": ""outside"", ""snowmobile"": ""no"", ""tourism"": ""alpine_hut"", ""website"": ""https://www.svenskaturistforeningen.se/boende/stf-tjaktja-fjallstuga/"", ""wikidata"": ""Q2019243""}"
1356403797,1356403797,67.6882349,17.2508621,Vaisaluokta Fjällstuga,SE,alpine_hut,,,,"{""affiliation"": ""Den Norske Turistforening"", ""capacity"": ""20"", ""dnt:classification"": ""ubetjent"", ""dnt:discount"": ""yes"", ""dnt:iid"": ""1569"", ""name"": ""Vaisaluokta Fjällstuga"", ""service"": ""no"", ""tourism"": ""alpine_hut"", ""website"": ""http://ut.no/hytte/vaisaluokta-fj%C3%A4llstuga-%28v%C3%A1js%C3%A1luokta-stugan%29""}"
1356457509,1356457509,67.37372,16.80063,Árasluokta Fjällstuga,SE,alpine_hut,,,Badjelánnda Laponia Turism ek. för.,"{""affiliation"": ""Den Norske Turistforening"", ""beds"": ""32"", ""capacity"": ""32"", ""dnt:classification"": ""ubetjent"", ""dnt:iid"": ""1563"", ""name"": ""Árasluokta Fjällstuga"", ""operator"": ""Badjelánnda Laponia Turism ek. för."", ""payment:cash"": ""yes"", ""payment:credit_cards"": ""no"", ""payment:cryptocurrencies"": ""no"", ""payment:debit_cards"": ""no"", ""payment:electronic_purses"": ""no"", ""service"": ""no"", ""source"": ""Den Norske Turistforening"", ""source:date"": ""2011-05-07 13:29:51"", ""tourism"": ""alpine_hut"", ""website"": ""http://padjelanta.com/stugor/arasluokta/""}"
1356457850,1356457850,69.8064524,23.4895015,Gargia fjellstue,NO,alpine_hut,,,,"{""dnt:classification"": ""betjent"", ""dnt:iid"": ""1163"", ""name"": ""Gargia fjellstue"", ""network"": ""Den Norske Turistforening"", ""service"": ""full"", ""snowmobile"": ""yes"", ""source"": ""Den Norske Turistforening"", ""source:date"": ""2010-11-23 08:21:21"", ""tourism"": ""alpine_hut"", ""website"": ""https://ut.no/hytte/gargia-fjellstue"", ""wikidata"": ""Q62231770""}"
1356458023,1356458023,71.0614058,26.2212206,Helnes fyr,NO,alpine_hut,,,,"{""capacity"": ""10"", ""dnt:classification"": ""betjent"", ""dnt:iid"": ""441"", ""ele"": ""36"", ""name"": ""Helnes fyr"", ""network"": ""Den Norske Turistforening"", ""note:no"": ""Fyrmesterboligen"", ""service"": ""full"", ""source"": ""Den Norske Turistforening"", ""source:date"": ""2011-06-16 08:55:37"", ""tourism"": ""alpine_hut"", ""website"": ""https://ut.no/hytte/helnes-fyr-fyrmesterboligen""}"
1356458165,1356458165,67.0946269,16.0061069,Jakobsbakken fjellsenter,NO,alpine_hut,,,,"{""dnt:classification"": ""betjent"", ""dnt:iid"": ""1205"", ""name"": ""Jakobsbakken fjellsenter"", ""network"": ""Den Norske Turistforening"", ""service"": ""full"", ""source"": ""Den Norske Turistforening"", ""source:date"": ""2009-05-26 14:10:21"", ""tourism"": ""alpine_hut"", ""website"": ""https://ut.no/hytte/jakobsbakken-fjellsenter-a-s""}"
1356458236,1356458236,67.5595898,17.1992054,Kisuris Fjällstuga,SE,alpine_hut,,,Badjelánnda Laponia Turism ek. för.,"{""affiliation"": ""Den Norske Turistforening"", ""beds"": ""34"", ""description"": ""En stuga med fem 4-bäddsrum och ett 2-bäddsrum samt dagrum med självhushållning. Två stugor med sex bäddar i vardera, en är öppen året runt. Sammanlagt 34 bäddar."", ""dnt:classification"": ""ubetjent"", ""dnt:iid"": ""1571"", ""name"": ""Kisuris Fjällstuga"", ""name:se"": ""Kisuris Fjällstuga"", ""name:smj"": ""Gisuris"", ""operator"": ""Badjelánnda Laponia Turism ek. för."", ""payment:cash"": ""yes"", ""payment:credit_cards"": ""yes"", ""payment:cryptocurrencies"": ""no"", ""payment:debit_cards"": ""no"", ""payment:electronic_purses"": ""no"", ""source"": ""Den Norske Turistforening"", ""source:date"": ""2011-05-07 12:58:50"", ""source:website"": ""http://ut.no/hytte/kisuris-fj%C3%A4llstuga"", ""tourism"": ""alpine_hut"", ""website"": ""http://padjelanta.com/stugor/gisuris/""}"
1356458317,1356458317,66.9537277,17.7196067,Kvikkjokk Fjällstation,SE,alpine_hut,,,Svenska Turistföreningen,"{""capacity"": ""75"", ""dnt:classification"": ""betjent"", ""dnt:iid"": ""1223"", ""ele"": ""320"", ""name"": ""Kvikkjokk Fjällstation"", ""operator"": ""Svenska Turistföreningen"", ""service"": ""full"", ""shop"": ""yes"", ""snowmobile"": ""yes"", ""tourism"": ""alpine_hut"", ""website"": ""https://www.svenskaturistforeningen.se/anlaggningar/stf-kvikkjokk-fjallstation/""}"
1356458353,1356458353,69.2094727,23.7550853,Láhpoluoppal Fjellstue,NO,alpine_hut,,,,"{""dnt:classification"": ""betjent"", ""dnt:iid"": ""1231"", ""name"": ""Láhpoluoppal Fjellstue"", ""network"": ""Den Norske Turistforening"", ""service"": ""full"", ""snowmobile"": ""yes"", ""source"": ""Den Norske Turistforening"", ""source:date"": ""2010-05-28 11:03:44"", ""tourism"": ""alpine_hut"", ""website"": ""https://ut.no/hytte/lahpholuoppal""}"
1356458478,1356458478,67.4635469,16.9019034,Låddejåhkå Fjällstuga,SE,alpine_hut,,,Badjelánnda Laponia Turism ek. för.,"{""affiliation"": ""Den Norske Turistforening"", ""beds"": ""34"", ""capacity"": ""34"", ""dnt:classification"": ""ubetjent"", ""dnt:iid"": ""1567"", ""name"": ""Låddejåhkå Fjällstuga"", ""operator"": ""Badjelánnda Laponia Turism ek. för."", ""payment:cash"": ""yes"", ""payment:credit_cards"": ""no"", ""payment:cryptocurrencies"": ""no"", ""payment:debit_cards"": ""no"", ""payment:electronic_purses"": ""no"", ""service"": ""no"", ""source"": ""Den Norske Turistforening"", ""source:date"": ""2011-05-07 13:37:41"", ""tourism"": ""alpine_hut"", ""website"": ""http://padjelanta.com/stugor/laddejahka/""}"
1356458489,1356458489,68.3985852,18.4608589,Låktatjåkkastugan,SE,alpine_hut,cafe,,,"{""affiliation"": ""Den Norske Turistforening"", ""amenity"": ""cafe"", ""dnt:classification"": ""betjent"", ""dnt:iid"": ""1583"", ""name"": ""Låktatjåkkastugan"", ""service"": ""full"", ""snowmobile"": ""yes"", ""source"": ""Den Norske Turistforening"", ""source:date"": ""2011-05-07 13:00:36"", ""tourism"": ""alpine_hut"", ""website"": ""https://ut.no/hytte/laaktjatjaakkastugan""}"
1356458520,1356458520,69.072552,22.8470839,Madam Bongos Fjellstue,NO,alpine_hut,,,,"{""capacity"": ""37"", ""contact:mobile"": ""+ 47 48 10 60 03"", ""dnt:classification"": ""betjent"", ""dnt:iid"": ""1134"", ""ele"": ""378"", ""name"": ""Madam Bongos Fjellstue"", ""network"": ""Den Norske Turistforening"", ""old_name"": ""Čunouvuohppi fjellstue"", ""phone"": ""+4778486160"", ""ref:kartverket:hytte"": ""5185"", ""service"": ""full"", ""snowmobile"": ""yes"", ""source"": ""Den Norske Turistforening"", ""source:date"": ""2010-05-28 11:06:08"", ""tourism"": ""alpine_hut"", ""website"": ""https://web.archive.org/web/20070822201030/http://www.kautokeino.com/bongo/"", ""website:source"": ""https://ut.no/hytte/101015/madam-bongos-fjellstue""}"
1356458616,1356458616,69.565598,24.3890633,Mollisjok Fjellstue,NO,wilderness_hut,,,,"{""alt_name"": ""Molliesjohka fjellstue"", ""capacity"": ""20"", ""dnt:classification"": ""selvbetjent"", ""dnt:iid"": ""1247"", ""ele"": ""384"", ""internet_access"": ""wlan"", ""internet_access:fee"": ""no"", ""name"": ""Mollisjok Fjellstue"", ""network"": ""Den Norske Turistforening"", ""provisions"": ""yes"", ""ref:kartverket:hytte"": ""5031"", ""snowmobile"": ""yes"", ""tourism"": ""wilderness_hut"", ""website"": ""https://ut.no/hytte/mollesjohka-fjellstue""}"
1356458724,1356458724,69.5268513,24.9574398,Ravnastua fjellstue,NO,alpine_hut,,,,"{""capacity"": ""24"", ""dnt:classification"": ""betjent"", ""dnt:iid"": ""1266"", ""ele"": ""323"", ""name"": ""Ravnastua fjellstue"", ""network"": ""Den Norske Turistforening"", ""ref:kartverket:hytte"": ""5231"", ""service"": ""full"", ""snowmobile"": ""yes"", ""source"": ""Den Norske Turistforening"", ""source:date"": ""2010-05-28 11:19:29"", ""tourism"": ""alpine_hut"", ""website"": ""https://ut.no/hytte/ravnastua-fjellstue""}"
1356458860,1356458860,69.559623,21.3019953,Sappen leirskole og feriesenter,NO,alpine_hut,school,,,"{""amenity"": ""school"", ""dnt:classification"": ""betjent"", ""dnt:iid"": ""1284"", ""name"": ""Sappen leirskole og feriesenter"", ""network"": ""Den Norske Turistforening"", ""service"": ""full"", ""source"": ""Den Norske Turistforening"", ""tourism"": ""alpine_hut"", ""website"": ""http://www.sappenleirskole.no/""}"
1356458986,1356458986,67.2402687,16.5917288,Stáddajåhkå Fjällstuga,SE,alpine_hut,,,Badjelánnda Laponia Turism ek. för.,"{""affiliation"": ""Den Norske Turistforening"", ""beds"": ""18"", ""capacity"": ""18"", ""dnt:classification"": ""ubetjent"", ""dnt:iid"": ""1565"", ""name"": ""Stáddajåhkå Fjällstuga"", ""operator"": ""Badjelánnda Laponia Turism ek. för."", ""payment:cash"": ""yes"", ""payment:credit_cards"": ""no"", ""payment:cryptocurrencies"": ""no"", ""payment:debit_cards"": ""no"", ""payment:electronic_purses"": ""no"", ""service"": ""no"", ""source"": ""Badjelanda Laponia turism"", ""source:date"": ""2011-05-07 13:43:23"", ""tourism"": ""alpine_hut"", ""website"": ""http://padjelanta.com/stugor/staddajahka/""}"
1356459001,1356459001,67.3180938,16.6975135,Stáloluokta Fjällstuga,SE,alpine_hut,,,Badjelánnda Laponia Turism ek. för.,"{""affiliation"": ""Den Norske Turistforening"", ""beds"": ""42"", ""dnt:classification"": ""ubetjent"", ""dnt:iid"": ""1997"", ""name"": ""Stáloluokta Fjällstuga"", ""operator"": ""Badjelánnda Laponia Turism ek. för."", ""payment:cash"": ""no"", ""payment:credit_cards"": ""yes"", ""payment:cryptocurrencies"": ""no"", ""payment:debit_cards"": ""no"", ""payment:electronic_purses"": ""no"", ""service"": ""no"", ""source"": ""Den Norske Turistforening"", ""source:date"": ""2011-05-07 13:43:56"", ""tourism"": ""alpine_hut""}"
1356459096,1356459096,69.5878764,23.5281444,Suolovuopmi Fjellstue,NO,alpine_hut,,,,"{""dnt:classification"": ""betjent"", ""dnt:iid"": ""1316"", ""name"": ""Suolovuopmi Fjellstue"", ""network"": ""Den Norske Turistforening"", ""note"": ""alpine_hut = guest_house"", ""service"": ""full"", ""snowmobile"": ""yes"", ""source"": ""Den Norske Turistforening"", ""source:date"": ""2010-10-14 08:44:09"", ""tourism"": ""alpine_hut"", ""website"": ""https://ut.no/hytte/suolovuopmi-fjellstue""}"
1356699557,1356699557,68.553906,17.0783563,Niingshytta,NO,wilderness_hut,,,Evenes Turlag,"{""capacity"": ""6"", ""idrettsanleggregisteret:iid"": ""1913003502"", ""name"": ""Niingshytta"", ""network"": ""Den Norske Turistforening"", ""operator"": ""Evenes Turlag"", ""ref:kartverket:hytte"": ""5085"", ""tourism"": ""wilderness_hut"", ""website"": ""https://ut.no/hytte/3.2237/""}"
1356699667,1356699667,68.5420697,14.9067734,Ørnheia dagsturhytte,NO,wilderness_hut,,,,"{""idrettsanleggregisteret:iid"": ""1866003901"", ""name"": ""Ørnheia dagsturhytte"", ""owner"": ""Hadsel Røde Kors"", ""source"": ""Idrettsanleggregisteret"", ""tourism"": ""wilderness_hut""}"
1417502730,1417502730,70.6289974,29.7620279,Perletur hytta i Eikebergvika,NO,wilderness_hut,,,,"{""access"": ""permissive"", ""building"": ""hut"", ""contact:phone"": ""78983400"", ""description"": ""Turen starter opp sherpatrappa. Også brua over Perelva ble bygd ny da sherpaene var og jobbet her i 2024. Fra toppen av sherpatrappa fortsetter turen nedover mot Øvre Eikebergvatnet på bare 13 meter over havet.  Man følger den godt opptråkkede stien langs"", ""name"": ""Perletur hytta i Eikebergvika"", ""tourism"": ""wilderness_hut""}"
1423334278,1423334278,70.9863893,25.9826807,Perletur-Hytta,NO,alpine_hut,shelter,,DNT,"{""amenity"": ""shelter"", ""bench"": ""yes"", ""building"": ""yes"", ""description"": ""Small shelter with a closed room, benches, firewood, a stove and nice windows."", ""direction"": ""190"", ""name"": ""Perletur-Hytta"", ""operator"": ""DNT"", ""oven"": ""yes"", ""tourism"": ""alpine_hut""}"
1669071479,1669071479,67.0424464,17.9431493,Pårte Fjällstuga,SE,alpine_hut,,,Svenska Turistföreningen,"{""capacity"": ""26"", ""ele"": ""480"", ""image"": ""https://commons.wikimedia.org/wiki/File:P%C3%A5rte.jpg"", ""internet_access"": ""no"", ""name"": ""Pårte Fjällstuga"", ""operator"": ""Svenska Turistföreningen"", ""payment:cash"": ""yes"", ""payment:credit_cards"": ""yes"", ""reservation"": ""yes"", ""shop"": ""no"", ""smoking"": ""outside"", ""snowmobile"": ""yes"", ""tourism"": ""alpine_hut"", ""website"": ""https://www.svenskaturistforeningen.se/boende/stf-parte-fjallstuga/"", ""wikimedia_commons"": ""Category:Pårte Fjällstuga""}"
1888765999,1888765999,69.8431864,22.880263,Ongajoksetra,NO,alpine_hut,,,,"{""name"": ""Ongajoksetra"", ""tourism"": ""alpine_hut""}"
1896395800,1896395800,67.1928731,17.1220854,Darreluoppal Fjällstuga,SE,alpine_hut,,,Badjelánnda Laponia Turism ek. för.,"{""beds"": ""36"", ""name"": ""Darreluoppal Fjällstuga"", ""operator"": ""Badjelánnda Laponia Turism ek. för."", ""payment:cash"": ""yes"", ""payment:credit_cards"": ""no"", ""payment:cryptocurrencies"": ""no"", ""payment:debit_cards"": ""no"", ""payment:electronic_purses"": ""no"", ""tourism"": ""alpine_hut"", ""website"": ""http://padjelanta.com/stugor/darreluoppal/""}"
1935081999,1935081999,69.2953085,22.0107021,Immogammen,NO,wilderness_hut,,,Statskog,"{""access"": ""yes"", ""designation"": ""Stastskog (open)"", ""fee"": ""no"", ""fireplace"": ""yes"", ""name"": ""Immogammen"", ""operator"": ""Statskog"", ""ref:kartverket:hytte"": ""3088"", ""tourism"": ""wilderness_hut"", ""website"": ""https://ut.no/hytte/10172362/imogammen""}"
2695027692,2695027692,69.6541827,19.8870567,Trollhytta,NO,wilderness_hut,,,,"{""access"": ""yes"", ""name"": ""Trollhytta"", ""owner"": ""ULTrollvasstind"", ""ref:kartverket:hytte"": ""5146"", ""reservation"": ""recommended"", ""toilets"": ""yes"", ""tourism"": ""wilderness_hut""}"
2832244000,2832244000,68.7553472,23.5383266,Šihččajávri fjellstue,NO,alpine_hut,,,,"{""name"": ""Šihččajávri fjellstue"", ""snowmobile"": ""yes"", ""tourism"": ""alpine_hut""}"
2837945504,2837945504,69.3764115,24.2559734,Šuoššjávri fjellstue,NO,wilderness_hut,,,,"{""access"": ""yes"", ""dnt:lock"": ""yes"", ""fee"": ""yes"", ""name"": ""Šuoššjávri fjellstue"", ""network"": ""Den Norske Turistforening"", ""phone"": ""+4778469113"", ""provisions"": ""yes"", ""ref:kartverket:hytte"": ""5079"", ""snowmobile"": ""yes"", ""tourism"": ""wilderness_hut"", ""website"": ""https://www.ut.no/hytte/3.1417""}"
3319758520,3319758520,69.4004343,24.6534184,Jergul Astu,NO,alpine_hut,,,,"{""capacity"": ""35"", ""name"": ""Jergul Astu"", ""name:no"": ""Jergul Fjellstue"", ""phone"": ""+4778469100"", ""snowmobile"": ""yes"", ""tourism"": ""alpine_hut"", ""website"": ""http://www.jergulastu.no""}"
3352385982,3352385982,69.7975298,24.1831783,Bojobeaskihytta,NO,wilderness_hut,,,DNT Alta og omegn turlag,"{""capacity"": ""5"", ""dnt:classification"": ""ubetjent"", ""dnt:lock"": ""yes"", ""fee"": ""yes"", ""name"": ""Bojobeaskihytta"", ""network"": ""Den Norske Turistforening"", ""operator"": ""DNT Alta og omegn turlag"", ""ref:kartverket:hytte"": ""1001"", ""snowmobile"": ""no"", ""tourism"": ""wilderness_hut"", ""website"": ""https://ut.no/hytte/3.1923""}"
3390758693,3390758693,69.5278359,24.3854757,Nedre Mollisjok Fjellstue,NO,alpine_hut,,,,"{""capacity"": ""50"", ""name"": ""Nedre Mollisjok Fjellstue"", ""snowmobile"": ""yes"", ""tourism"": ""alpine_hut"", ""website"": ""https://mollisjok.no""}"
3412441803,3412441803,69.9089037,26.4295722,Levajok Fjellstue,NO,alpine_hut,,,,"{""name"": ""Levajok Fjellstue"", ""phone"": ""+4778928714"", ""snowmobile"": ""yes"", ""tourism"": ""alpine_hut"", ""website"": ""http://levajok.no""}"
3502906122,3502906122,70.2132673,23.4527204,Skihytta,NO,wilderness_hut,,,Nyvoll Idrettslag,"{""name"": ""Skihytta"", ""operator"": ""Nyvoll Idrettslag"", ""snowmobile"": ""yes"", ""tourism"": ""wilderness_hut""}"
3736677307,3736677307,68.8759864,22.4223335,Goahteluoppal Fjellstue & Villmarkscamp,NO,wilderness_hut,,,,"{""access"": ""private"", ""name"": ""Goahteluoppal Fjellstue & Villmarkscamp"", ""phone"": ""+4792241145"", ""snowmobile"": ""yes"", ""tourism"": ""wilderness_hut"", ""website"": ""https://www.facebook.com/pages/Goahteluoppal-fjellstue/167429853306204""}"
4093500789,4093500789,68.426456,18.1249828,Hotell Riksgränsen,SE,hotel,,,,"{""internet_access"": ""wlan"", ""internet_access:fee"": ""no"", ""name"": ""Hotell Riksgränsen"", ""tourism"": ""hotel"", ""website"": ""https://riksgransen.se""}"
4786913022,4786913022,67.2322837,18.4407818,Sitojaure Fjällstuga,SE,alpine_hut,,,Svenska Turistföreningen,"{""capacity"": ""22"", ""ele"": ""570"", ""internet_access"": ""no"", ""name"": ""Sitojaure Fjällstuga"", ""operator"": ""Svenska Turistföreningen"", ""payment:cash"": ""yes"", ""payment:credit_cards"": ""yes"", ""reservation"": ""yes"", ""shop"": ""no"", ""smoking"": ""outside"", ""snowmobile"": ""yes"", ""tourism"": ""alpine_hut"", ""website"": ""https://www.svenskaturistforeningen.se/boende/stf-sitojaure-fjallstuga/""}"
4786913023,4786913023,67.7465725,18.2953814,Kaitumjaure Fjällstuga,SE,alpine_hut,,,Svenska Turistföreningen,"{""capacity"": ""30"", ""ele"": ""610"", ""internet_access"": ""no"", ""name"": ""Kaitumjaure Fjällstuga"", ""operator"": ""Svenska Turistföreningen"", ""payment:cash"": ""yes"", ""payment:credit_cards"": ""yes"", ""reservation"": ""yes"", ""smoking"": ""outside"", ""snowmobile"": ""yes"", ""tourism"": ""alpine_hut"", ""website"": ""https://www.svenskaturistforeningen.se/boende/stf-kaitumjaure-fjallstuga/""}"
4809069414,4809069414,69.4851782,20.2340391,Sieddihytta,NO,wilderness_hut,,,,"{""name"": ""Sieddihytta"", ""ref:kartverket:hytte"": ""5212"", ""tourism"": ""wilderness_hut""}"
5052100722,5052100722,68.0758423,13.0967111,Hakuna Matata Hut,NO,wilderness_hut,,,,"{""access"": ""yes"", ""ele"": ""30"", ""fee"": ""no"", ""fireplace"": ""yes"", ""mattress"": ""yes"", ""name"": ""Hakuna Matata Hut"", ""reservation"": ""no"", ""shower"": ""no"", ""toilets"": ""no"", ""tourism"": ""wilderness_hut""}"
5758708182,5758708182,69.3943974,29.5377226,Saimakoia,NO,wilderness_hut,shelter,,Finnmarkseiendommen Finnmárkkuopmodat,"{""access"": ""yes"", ""amenity"": ""shelter"", ""name"": ""Saimakoia"", ""operator"": ""Finnmarkseiendommen Finnmárkkuopmodat"", ""tourism"": ""wilderness_hut""}"
5758708183,5758708183,69.4196636,29.2528077,Vestkoia,NO,wilderness_hut,shelter,weather_shelter,Finnmarkseiendommen Finnmárkkuopmodat,"{""access"": ""yes"", ""amenity"": ""shelter"", ""name"": ""Vestkoia"", ""operator"": ""Finnmarkseiendommen Finnmárkkuopmodat"", ""shelter_type"": ""weather_shelter"", ""tourism"": ""wilderness_hut""}"
5981708157,5981708157,68.493204,18.6143656,Pålnostugan,SE,alpine_hut,,,,"{""designation"": ""STF (open)"", ""name"": ""Pålnostugan"", ""tourism"": ""alpine_hut""}"
6137075984,6137075984,69.7369921,19.490023,Trollvassbu,NO,wilderness_hut,,,Troms Turlag,"{""capacity"": ""16"", ""dnt:classification"": ""ubetjent"", ""dnt:iid"": ""275"", ""dnt:lock"": ""yes"", ""ele"": ""255"", ""name"": ""Trollvassbu"", ""network"": ""Den Norske Turistforening"", ""operator"": ""Troms Turlag"", ""ref:bygningsnr"": ""190845451"", ""ref:kartverket:hytte"": ""1373"", ""service"": ""no"", ""tourism"": ""wilderness_hut"", ""website"": ""https://ut.no/hytte/trollvassbu"", ""wikidata"": ""Q29579134""}"
6282702618,6282702618,66.8608989,14.1555149,Fellvasstua,NO,wilderness_hut,,,Bodø og Omegns Turistforening,"{""capacity"": ""11"", ""dnt:classification"": ""ubetjent"", ""dnt:iid"": ""461"", ""dnt:lock"": ""yes"", ""ele"": ""430"", ""name"": ""Fellvasstua"", ""network"": ""Den Norske Turistforening"", ""operator"": ""Bodø og Omegns Turistforening"", ""ref:bygningsnr"": ""21848093"", ""ref:kartverket:hytte"": ""1039"", ""ssr:stedsnr"": ""881243"", ""tourism"": ""wilderness_hut"", ""website"": ""https://ut.no/hytte/fellvasstua""}"
6710835200,6710835200,66.8574364,14.6904496,Beiarstua,NO,wilderness_hut,,,Bodø og Omegns Turistforening,"{""capacity"": ""20"", ""dnt:classification"": ""ubetjent"", ""dnt:iid"": ""333"", ""dnt:lock"": ""yes"", ""ele"": ""130"", ""name"": ""Beiarstua"", ""network"": ""Den Norske Turistforening"", ""operator"": ""Bodø og Omegns Turistforening"", ""ref:bygningsnr"": ""188728278"", ""ref:kartverket:hytte"": ""1037"", ""tourism"": ""wilderness_hut"", ""website"": ""https://ut.no/hytte/beiarstua""}"
7091233457,7091233457,71.1076481,25.7865982,Community Hut,NO,wilderness_hut,shelter,,,"{""amenity"": ""shelter"", ""name"": ""Community Hut"", ""tourism"": ""wilderness_hut""}"
7091256838,7091256838,71.1036843,25.7189804,Nordkap Shelter,NO,wilderness_hut,shelter,,,"{""amenity"": ""shelter"", ""name"": ""Nordkap Shelter"", ""tourism"": ""wilderness_hut""}"
7112283337,7112283337,66.9259782,20.1099483,Arvidssonsstugan,SE,alpine_hut,,,,"{""charge:adult"": ""150 SEK/night"", ""charge:child"": ""60 SEK/night"", ""charge:child:max_age"": ""15"", ""charge:daytime"": ""60 SEK/day"", ""cooker:fuel"": ""liquefied petrotroleum gas"", ""description"": ""Stugorna är öppna året om och har självhushåll med enkel men bekväm standard. Du hugger själv ved, eldar, hämtar vatten, lagar mat, diskar och städar. Det finns ved och gasolspisar i alla stugor, samt inbetalningskort med information om hur du ska betala."", ""fee"": ""yes"", ""fireplace"": ""yes"", ""image"": ""https://laponia.nu/wp-content/uploads/2014/09/arvidsson-700x390.jpg"", ""name"": ""Arvidssonsstugan"", ""payment:bankgiro"": ""yes"", ""payment:details"": ""https://laponia.nu/wp-content/uploads/2019/11/Betalning_Muttos_2019_SVE.pdf"", ""payment:swish"": ""yes"", ""stove"": ""yes"", ""tourism"": ""alpine_hut"", ""website"": ""https://laponia.nu/upplev/stugor/arvidsson/"", ""website:map"": ""https://laponia.nu/wp-content/uploads/2014/09/2018-09-Avstandskarta-Muttos.png"", ""website:map2"": ""https://laponia.nu/wp-content/uploads/2016/02/Karta_Muttos_Laponia_LisaWallin.png"", ""wood_provided"": ""yes""}"
7419286242,7419286242,66.6890889,15.4258254,KNA-hytta på Saltfjellet,NO,alpine_hut,,,,"{""internet_access"": ""no"", ""name"": ""KNA-hytta på Saltfjellet"", ""tourism"": ""alpine_hut""}"
7479421083,7479421083,69.7762948,22.6329685,Stuevannet,NO,wilderness_hut,,,,"{""access"": ""yes"", ""name"": ""Stuevannet"", ""snowmobile"": ""yes"", ""tourism"": ""wilderness_hut""}"
7621468648,7621468648,69.7048193,19.3154093,Nonsbu,NO,wilderness_hut,,,Troms Turlag,"{""capacity"": ""6"", ""dnt:classification"": ""ubetjent"", ""dnt:iid"": ""269"", ""dnt:lock"": ""yes"", ""ele"": ""275"", ""name"": ""Nonsbu"", ""network"": ""Den Norske Turistforening"", ""operator"": ""Troms Turlag"", ""ref:bygningsnr"": ""190845486"", ""ref:kartverket:hytte"": ""1367"", ""service"": ""no"", ""tourism"": ""wilderness_hut"", ""website"": ""https://ut.no/hytte/nonsbu""}"
7812508817,7812508817,69.3980065,24.9199832,Ravnastua Fjellstue,NO,alpine_hut,,,,"{""name"": ""Ravnastua Fjellstue"", ""tourism"": ""alpine_hut""}"
8109048017,8109048017,67.9264597,20.3465607,Skyvillage,SE,alpine_hut,,,,"{""addr:country"": ""SE"", ""addr:housenumber"": ""50"", ""addr:street"": ""Kurravaaravägen"", ""name"": ""Skyvillage"", ""tourism"": ""alpine_hut"", ""website"": ""https://www.skyvillage.se/""}"
9810716499,9810716499,69.0735076,20.50243,Goldahytta,NO,wilderness_hut,,,Troms Turlag,"{""alt_name"": ""Gåldahytta"", ""building"": ""shed"", ""capacity"": ""22"", ""dnt:classification"": ""ubetjent"", ""dnt:iid"": ""266"", ""dnt:lock"": ""yes"", ""ele"": ""527"", ""idrettsanleggregisteret:iid"": ""1939001804"", ""name"": ""Goldahytta"", ""network"": ""Den Norske Turistforening"", ""operator"": ""Troms Turlag"", ""owner"": ""Troms Turlag"", ""ref:bygningsnr"": ""192040043"", ""ref:kartverket:hytte"": ""1364"", ""tourism"": ""wilderness_hut"", ""website"": ""https://ut.no/hytte/goldahytta""}"
10041194791,10041194791,67.3376548,14.6898841,Tussvatnet,NO,wilderness_hut,,,Bodø og omegn turistforening,"{""name"": ""Tussvatnet"", ""note"": ""Closed/under renovation"", ""operator"": ""Bodø og omegn turistforening"", ""tourism"": ""wilderness_hut""}"
10779178932,10779178932,68.6063661,14.8517771,Årnessan,NO,wilderness_hut,,,,"{""access"": ""yes"", ""capacity"": ""2-4"", ""description"": ""Comfortable sleeping for 2 persons, more possible in emergency."", ""fee"": ""no"", ""fireplace"": ""yes"", ""name"": ""Årnessan"", ""tourism"": ""wilderness_hut""}"
11051031618,11051031618,67.2069412,16.2558518,Sorjus - old hut,NO,wilderness_hut,,,Sulitjelma  Tourist Organisation,"{""access"": ""yes"", ""capacity:beds"": ""8"", ""description"": ""Cabin with two separate bedrooms. Small cooking area with gas cooker. Stove in each bedroom. Wood available in storage. Payment in cash (metal box) or bank transfer after stay. Solar powered battery and electric lights."", ""ele"": ""830"", ""fee"": ""yes"", ""fireplace"": ""yes"", ""locked"": ""no"", ""mattress"": ""yes"", ""name"": ""Sorjus - old hut"", ""operator"": ""Sulitjelma  Tourist Organisation"", ""payment:cards"": ""no"", ""payment:cash"": ""yes"", ""payment:vipps"": ""yes"", ""payment:wire_transfer"": ""yes"", ""shower"": ""no"", ""tourism"": ""wilderness_hut""}"
11177648171,11177648171,67.9275276,13.0035016,Munkebu,NO,wilderness_hut,,,Lofoten Turlag,"{""building"": ""cabin"", ""capacity"": ""15"", ""dnt:classification"": ""ubetjent"", ""dnt:iid"": ""340"", ""dnt:lock"": ""yes"", ""ele"": ""410"", ""name"": ""Munkebu"", ""network"": ""Den Norske Turistforening"", ""operator"": ""Lofoten Turlag"", ""ref:bygningsnr"": ""19507637"", ""ref:kartverket:hytte"": ""1251"", ""ssr:stedsnr"": ""85467"", ""tourism"": ""wilderness_hut"", ""website"": ""https://ut.no/hytte/munkebu""}"
12786831128,12786831128,70.1315245,24.299805,Bastingammen,NO,wilderness_hut,,,,"{""name"": ""Bastingammen"", ""tourism"": ""wilderness_hut"", ""wikidata"": ""Q134112686""}"
12798384665,12798384665,68.0389216,17.8377463,Gautelishytta,NO,wilderness_hut,,,Narvik og Omegn Turistforening,"{""capacity"": ""10"", ""dnt:classification"": ""ubetjent"", ""dnt:iid"": ""322"", ""dnt:lock"": ""yes"", ""ele"": ""865"", ""name"": ""Gautelishytta"", ""network"": ""Den Norske Turistforening"", ""operator"": ""Narvik og Omegn Turistforening"", ""ref:bygningsnr"": ""11010849"", ""ref:kartverket:hytte"": ""1264"", ""tourism"": ""wilderness_hut"", ""website"": ""https://ut.no/hytte/gautelishytta""}"
12801124335,12801124335,68.1977355,18.0842547,Cunojávrihytta,NO,wilderness_hut,,,Narvik og Omegn Turistforening,"{""dnt:classification"": ""ubetjent"", ""dnt:iid"": ""321"", ""dnt:lock"": ""yes"", ""ele"": ""709"", ""name"": ""Cunojávrihytta"", ""network"": ""Den Norske Turistforening"", ""operator"": ""Narvik og Omegn Turistforening"", ""ref:bygningsnr"": ""187300118"", ""ref:kartverket:hytte"": ""1263"", ""tourism"": ""wilderness_hut"", ""website"": ""https://ut.no/hytte/cunoj%C3%A1vrihytta""}"
12801170418,12801170418,68.8193939,20.1090272,Dærtahytta,NO,wilderness_hut,,,Troms Turlag,"{""building"": ""cabin"", ""capacity"": ""18"", ""designation"": ""DNT (locked)"", ""dnt:classification"": ""ubetjent"", ""dnt:iid"": ""264"", ""dnt:lock"": ""yes"", ""ele"": ""745"", ""fixme"": ""position"", ""idrettsanleggregisteret:iid"": ""1924008101"", ""name"": ""Dærtahytta"", ""network"": ""Den Norske Turistforening"", ""operator"": ""Troms Turlag"", ""owner"": ""Den Norske Turistforening"", ""ref:bygningsnr"": ""191431480"", ""ref:kartverket:hytte"": ""1363"", ""tourism"": ""wilderness_hut"", ""website"": ""https://ut.no/hytte/daertahytta""}"
12801170419,12801170419,68.6751673,19.8233358,Dividalshytta,NO,wilderness_hut,,,DNT Oslo og Omegn,"{""building"": ""cabin"", ""capacity"": ""20"", ""dnt:classification"": ""ubetjent"", ""dnt:iid"": ""26"", ""dnt:lock"": ""yes"", ""ele"": ""580"", ""idrettsanleggregisteret:iid"": ""1924008301"", ""name"": ""Dividalshytta"", ""network"": ""Den Norske Turistforening"", ""operator"": ""DNT Oslo og Omegn"", ""owner"": ""Den Norske Turistforening"", ""ref:bygningsnr"": ""191431413"", ""ref:kartverket:hytte"": ""1058"", ""tourism"": ""wilderness_hut"", ""website"": ""https://ut.no/hytte/dividalshytta""}"
12801170420,12801170420,68.6723093,19.486332,Vuomahytta,NO,wilderness_hut,,,DNT Oslo og Omegn,"{""building"": ""cabin"", ""capacity"": ""20"", ""designation"": ""DNT (locked)"", ""dnt:classification"": ""ubetjent"", ""dnt:iid"": ""126"", ""dnt:lock"": ""yes"", ""ele"": ""730"", ""idrettsanleggregisteret:iid"": ""1924002501"", ""name"": ""Vuomahytta"", ""network"": ""Den Norske Turistforening"", ""operator"": ""DNT Oslo og Omegn"", ""owner"": ""Bardufoss og Omegn IF"", ""ref:bygningsnr"": ""300564792"", ""ref:kartverket:hytte"": ""1146"", ""tourism"": ""wilderness_hut"", ""website"": ""https://ut.no/hytte/vuomahytta""}"
12801187428,12801187428,67.9605544,16.8332562,Røysvatnhytta,NO,wilderness_hut,,,Narvik og Omegn Turistforening,"{""building"": ""cabin"", ""capacity"": ""12"", ""dnt:classification"": ""ubetjent"", ""dnt:iid"": ""326"", ""dnt:lock"": ""yes"", ""ele"": ""810"", ""name"": ""Røysvatnhytta"", ""network"": ""Den Norske Turistforening"", ""operator"": ""Narvik og Omegn Turistforening"", ""ref:kartverket:hytte"": ""1268"", ""tourism"": ""wilderness_hut"", ""website"": ""https://ut.no/hytte/roeysvatn""}"
12801189403,12801189403,68.6588825,19.1203529,Gaskashytta,NO,wilderness_hut,,,DNT Oslo og Omegn,"{""building"": ""cabin"", ""capacity"": ""20"", ""designation"": ""DNT (locked)"", ""dnt:classification"": ""ubetjent"", ""dnt:iid"": ""34"", ""dnt:lock"": ""yes"", ""ele"": ""545"", ""fireplace"": ""yes"", ""idrettsanleggregisteret:iid"": ""1922002701"", ""name"": ""Gaskashytta"", ""network"": ""Den Norske Turistforening"", ""operator"": ""DNT Oslo og Omegn"", ""owner"": ""Troms Turlag"", ""ref:bygningsnr"": ""191271017"", ""ref:kartverket:hytte"": ""1067"", ""tourism"": ""wilderness_hut"", ""website"": ""https://ut.no/hytte/gaskashytta""}"
12801189404,12801189404,68.6633431,18.8907547,Altevasshytta,NO,wilderness_hut,,,Troms Turlag,"{""building"": ""cabin"", ""capacity"": ""17"", ""dnt:classification"": ""ubetjent"", ""dnt:iid"": ""1111"", ""dnt:lock"": ""yes"", ""ele"": ""540"", ""idrettsanleggregisteret:iid"": ""1922004301"", ""name"": ""Altevasshytta"", ""network"": ""Den Norske Turistforening"", ""operator"": ""Troms Turlag"", ""ref:bygningsnr"": ""19820343"", ""ref:kartverket:hytte"": ""1361"", ""tourism"": ""wilderness_hut"", ""website"": ""https://ut.no/hytte/altevasshytta""}"
12801189405,12801189405,68.5138739,18.6316452,Lappjordhytta,NO,wilderness_hut,,,DNT Oslo og Omegn,"{""building"": ""cabin"", ""capacity"": ""14"", ""designation"": ""DNT (locked)"", ""dnt:classification"": ""ubetjent"", ""dnt:iid"": ""76"", ""dnt:lock"": ""yes"", ""ele"": ""544"", ""idrettsanleggregisteret:iid"": ""1919002001"", ""name"": ""Lappjordhytta"", ""network"": ""Den Norske Turistforening"", ""operator"": ""DNT Oslo og Omegn"", ""owner"": ""Den Norske Turistforening"", ""ref:bygningsnr"": ""191306473"", ""ref:kartverket:hytte"": ""1090"", ""service"": ""no"", ""tourism"": ""wilderness_hut"", ""website"": ""https://ut.no/hytte/lappjordhytta""}"
12801260925,12801260925,67.2067955,16.2560849,Sorjushytta,NO,wilderness_hut,,,Sulitjelma og Omegn Turistforening,"{""access"": ""private"", ""building"": ""yes"", ""capacity"": ""16"", ""description"": ""DNT key needed to open."", ""dnt:classification"": ""ubetjent"", ""dnt:iid"": ""286"", ""dnt:lock"": ""yes"", ""ele"": ""830"", ""locked"": ""yes"", ""name"": ""Sorjushytta"", ""network"": ""Den Norske Turistforening"", ""operator"": ""Sulitjelma og Omegn Turistforening"", ""ref:kartverket:hytte"": ""1358"", ""tourism"": ""wilderness_hut"", ""website"": ""https://ut.no/hytte/sorjushytta""}"
12802270079,12802270079,69.7919568,24.17615,Bojobæskihytta,NO,wilderness_hut,,,Alta og Omegn Turlag,"{""affiliation"": ""Den Norske Turistforening"", ""capacity"": ""8"", ""dnt:classification"": ""ubetjent"", ""dnt:iid"": ""239"", ""dnt:lock"": ""yes"", ""ele"": ""390"", ""idrettsanleggregisteret:iid"": ""2012003501"", ""name"": ""Bojobæskihytta"", ""operator"": ""Alta og Omegn Turlag"", ""owner"": ""Alta og Omegn Turlag"", ""ref:bygningsnr"": ""192609100"", ""service"": ""no"", ""tourism"": ""wilderness_hut"", ""website"": ""https://ut.no/hytte/bojobaeskihytta-%28bojobeaskihytta%29""}"
12804564864,12804564864,68.565889,15.972117,Toralfsbu,NO,wilderness_hut,,,Harstad Turlag,"{""capacity"": ""12"", ""dnt:classification"": ""ubetjent"", ""dnt:iid"": ""401"", ""dnt:lock"": ""yes"", ""ele"": ""407"", ""name"": ""Toralfsbu"", ""network"": ""Den Norske Turistforening"", ""operator"": ""Harstad Turlag"", ""ref:bygningsnr"": ""189260016"", ""ref:kartverket:hytte"": ""1185"", ""tourism"": ""wilderness_hut"", ""website"": ""https://ut.no/hytte/toralfsbu""}"
12804587321,12804587321,66.6941929,13.829859,Tåkeheimen,NO,wilderness_hut,,,Bodø og Omegns Turistforening,"{""capacity"": ""11"", ""dnt:classification"": ""ubetjent"", ""dnt:iid"": ""376"", ""dnt:lock"": ""yes"", ""ele"": ""1073"", ""name"": ""Tåkeheimen"", ""network"": ""Den Norske Turistforening"", ""operator"": ""Bodø og Omegns Turistforening"", ""ref:bygningsnr"": ""18302616"", ""ref:kartverket:hytte"": ""1050"", ""service"": ""no"", ""ssr:stedsnr"": ""506778"", ""tourism"": ""wilderness_hut"", ""website"": ""https://ut.no/hytte/taakeheimen""}"
12804604888,12804604888,66.7870454,14.4726882,Gråtådalstua,NO,wilderness_hut,,,Bodø og Omegns Turistforening,"{""capacity"": ""9"", ""dnt:classification"": ""ubetjent"", ""dnt:iid"": ""363"", ""dnt:lock"": ""no"", ""ele"": ""605"", ""name"": ""Gråtådalstua"", ""network"": ""Den Norske Turistforening"", ""operator"": ""Bodø og Omegns Turistforening"", ""ref:bygningsnr"": ""300731895"", ""ref:kartverket:hytte"": ""1041"", ""tourism"": ""wilderness_hut"", ""website"": ""https://ut.no/hytte/graataadalstua""}"
12905366256,12905366256,68.0827982,13.1257067,Fredvanghytta,NO,wilderness_hut,,,,"{""name"": ""Fredvanghytta"", ""tourism"": ""wilderness_hut""}"
13104276488,13104276488,69.590726,23.9198712,Virdnejávri-Hytta,NO,wilderness_hut,,,,"{""access"": ""yes"", ""fireplace"": ""stove"", ""name"": ""Virdnejávri-Hytta"", ""tourism"": ""wilderness_hut""}"
